city,country,date,gender,p1_player_1_id,p1_player_1_name,p1_player_2_id,p1_player_2_name,p2_player_1_id,p2_player_1_name,p2_player_2_id,p2_player_2_name,p3_player_1_id,p3_player_1_name,p3_player_2_id,p3_player_2_name,p4_player_1_id,p4_player_1_name,p4_player_2_id,p4_player_2_name,season_title,tournament_id,year
Montpellier, France,Sep 7-9,M,11750,Jan Pokersnik,10129,Nejc Zemljak,13393,Ondrej Perusic,16538,David Schweiner,17129,Quincy Aye,15029,Youssef Krou,13763,Djordje Klasnic,15915,Lazar Kolaric,Volleyball World Beach Pro Tour 2018 Season Summary,3400,2018
Bandar Torkaman, Iran,Oct 1-4,M,17546,Nuttanon Inkiew,13843,Intuch Techakijvorakul,16934,Alireza Aghajani,17338,Javad Firouzpourbandpei,15951,Bahman Salemi,16552,Arash Vakili,10957,Hitoshi Murakami,17403,Takashi Tsuchiya,Volleyball World Beach Pro Tour 2020 Season Summary,3735,2020
Qinzhou, China,Oct 11-15,M,14261,Maxim Sivolap,13720,Igor Velichko,7145,Lombardo Ontiveros,8011,Juan Virgen,14857,Nivaldo Diaz,9402,Sergio Gonzalez,11600,Dries Koekelkoren,11601,Tom van Walle,Volleyball World Beach Pro Tour 2018 Season Summary,3318,2018
Qinzhou, China,Oct 11-15,W,8395,Mariafe Artacho,10795,Taliqua Clancy,12452,Katarzyna Kociolek,8220,Kinga Wojtasik,9309,Summer Ross,8047,Brooke Sweat,11612,Fan Wang,14924,Xinyi Xia,Volleyball World Beach Pro Tour 2018 Season Summary,3319,2018
Qinzhou, China,Oct 29-Nov 3,W,9100,Karla Borger,8417,Julia Sude,8047,Brooke Sweat,1923,Kerri Walsh Jennings,19002,Jingzhe Wang,17591,Shuhui Wen,8395,Mariafe Artacho,10795,Taliqua Clancy,Volleyball World Beach Pro Tour 2020 Season Summary,3732,2020
Qinzhou, China,Oct 30-Nov 3,M,11641,Mirco Gerson,14650,Adrian Heidrich,13344,Martin Ermacora,14710,Moritz Pristauz,9443,Valeriy Samoday,13720,Igor Velichko,10787,Ruslan Bykanov,7738,Alexander Likholetov,Volleyball World Beach Pro Tour 2020 Season Summary,3731,2020
Aalsmeer, Netherlands,Oct 25-29,M,15116,Marco Caminati,14706,Enrico Rossi,13467,Miles Evans,11507,Billy Kolinske,11420,Murat Giginoglu,15049,Hasan Mermer,15967,Oleksii Denin,9444,Sergiy Popov,Volleyball World Beach Pro Tour 2018 Season Summary,3407,2018
Aalsmeer, Netherlands,Oct 25-29,W,9485,Madelein Meppelink,13779,Joy Stubbe,13144,Sandra Ittlinger,11760,Kim Van de Velde,12974,Betsi Flint,15139,Kelley Kolinske,16036,Miki Ishii,13080,Megumi Murakami,Volleyball World Beach Pro Tour 2018 Season Summary,3408,2018
Tel Aviv, Israel,Nov 6-9,M,17983,Samuele Cottafava,16802,Jakob Windisch,8930,Daniel Thomsen,15557,Martin Trans Hansen,16748,Aleksandr Kramarenko,6883,Serguei Prokopiev,14289,Sean Faiga,11958,Netanel Ohana,Volleyball World Beach Pro Tour 2020 Season Summary,3741,2020
Tel Aviv, Israel,Nov 6-9,W,16621,Reika Murakami,17046,Kaho Sakaguchi,11663,Line Hansen,16979,Okholm Hansen,6711,Alexandra Moiseeva,12509,Ekaterina Syrtseva,15095,Eva Freiberger,13030,Valerie Teufl,Volleyball World Beach Pro Tour 2020 Season Summary,3742,2020
Sydney, Australia,Nov 22-25,M,11725,Grant O'Gorman,7080,Ben Saxton,17129,Quincy Aye,15029,Youssef Krou,13467,Miles Evans,11507,Billy Kolinske,8410,Christopher McHugh,11185,Damien Schumann,Volleyball World Beach Pro Tour 2018 Season Summary,3409,2018
Sydney, Australia,Nov 23-26,W,8395,Mariafe Artacho,10795,Taliqua Clancy,11612,Fan Wang,14924,Xinyi Xia,11650,Lena Plesiutschnig,11649,Katharina Schutzenhofer,17139,Azusa Futami,16035,Akiko Hasegawa,Volleyball World Beach Pro Tour 2018 Season Summary,3410,2018
Doha, Qatar,Nov 12-15,M,19403,Jedrzej Brozyniak,9144,Piotr Janiak,15529,Petr Bakhnar,7513,Yury Bogatov,17928,David Ahman,18278,Jonatan Hellvig,18132,Nouh Al-Jalbubi,18133,Mazin Alhashmi,Volleyball World Beach Pro Tour 2020 Season Summary,3727,2020
Chetumal, Mexico,Nov 13-17,M,13454,Taylor Crabb,190,Jake Gibb,9129,Alexander Brouwer,9130,Robert Meeuwsen,13699,Tri Bourne,13453,Trevor Crabb,9556,Alexander Walkenhorst,15725,Sven Winter,Volleyball World Beach Pro Tour 2020 Season Summary,3733,2020
Doha, Qatar,Feb 23-26,M,15097,Cherif Samba,15096,Ahmed Tijan,14785,Yves Haussener,13743,Quentin Metral,17711,Alexey Gusev,17710,Pavel Shustrov,11420,Murat Giginoglu,11531,Volkan Gogtepe,Volleyball World Beach Pro Tour 2021 Season Summary,3899,2021
The Hague, Netherlands,Jan 2-7,W,7091,Alix Klineman,7389,April Ross,8003,Maria Antonelli,5887,Carol Salgado,13151,Nina Brunner,11625,Tanja Huberli,9361,Barbora Hermannova,7763,Marketa Slukova,Volleyball World Beach Pro Tour 2018 Season Summary,3412,2018
The Hague, Netherlands,Jan 3-7,M,6769,Martins Plavins,12433,Edgars Tocs,10443,Piotr Kantor,10444,Bartosz Losiak,9129,Alexander Brouwer,9130,Robert Meeuwsen,15089,Jasper Bouter,9429,Christiaan Varenhorst,Volleyball World Beach Pro Tour 2018 Season Summary,3411,2018
Chetumal, Mexico,Nov 13-17,W,8395,Mariafe Artacho,10795,Taliqua Clancy,11612,Fan Wang,14924,Xinyi Xia,5292,Sanne Keizer,9485,Madelein Meppelink,5146,Talita Antunes,6751,Taiana Lima,Volleyball World Beach Pro Tour 2020 Season Summary,3734,2020
Qeshm, Iran,Jan 7-10,M,16934,Alireza Aghajani,17338,Javad Firouzpourbandpei,15951,Bahman Salemi,16552,Arash Vakili,15996,Abolhamed Mirzaali,11808,Rahman Raoufi,19678,Saifeddine Elmajid,17700,Benlouaer Ziad,Volleyball World Beach Pro Tour 2020 Season Summary,3743,2020
Doha, Qatar,Mar 8-12,M,13393,Ondrej Perusic,16538,David Schweiner,11727,Guto Carvalhaes,11854,Evandro Goncalves,13454,Taylor Crabb,190,Jake Gibb,5214,Phil Dalhausser,1931,Nick Lucena,Volleyball World Beach Pro Tour 2021 Season Summary,3897,2021
Siofok, Hungary,Aug 23-26,M,13338,Romain Di Giantommaso,18144,Jeremy Silvestre,14675,Matas Navickas,17181,Patrikas Stankevicius,16262,Robin Sowa,14809,Eric Stadie,13763,Djordje Klasnic,18331,Marko Plavsic,Volleyball World Beach Pro Tour 2019 Season Summary,3547,2019
Tlaxcala, Mexico,Mar 16-20,M,13340,Michal Bryl,10444,Bartosz Losiak,20973,Noe Aravena,18426,Vicente Droguett,6770,Aleksandrs Samoilovs,6874,Janis Smedins,9345,Vitor Felipe,16878,Renato Lima,Volleyball World Beach Pro Tour 2022 Season Summary,3985,2022
Shepparton, Australia,Feb 1-4,M,10329,Avery Drost,16657,Chase Frishman,8410,Christopher McHugh,11185,Damien Schumann,10757,Cole Durant,14444,Zachery Schubert,10963,Armin Dollinger,16263,Simon Kulzer,Volleyball World Beach Pro Tour 2018 Season Summary,3413,2018
Shepparton, Australia,Feb 1-4,W,14159,Amanda Lawson,13811,Irene Pollock,8129,Caitlin Ledoux,13300,Jace Pardon,8503,Laura Giombini,7849,Marta Menegatti,15017,Shaunna Polley,10810,Kelsie Wills,Volleyball World Beach Pro Tour 2018 Season Summary,3414,2018
Cook Islands, Cook Islands,Jan 14-17,M,13114,Griffin Muller,9436,Sam O'Dea,13414,Christopher Austin,16410,Earl Schultz,16000,Travis Mewhirter,182,Adam Roberts,10957,Hitoshi Murakami,17403,Takashi Tsuchiya,Volleyball World Beach Pro Tour 2020 Season Summary,3744,2020
Siem Reap, Cambodia,Feb 6-9,W,5237,Lauren Fendrick,13154,Sara Hughes,17069,Terese Cannon,16319,Kelly Reeves,18189,Yurika Sakaguchi,13075,Chiyo Suzuki,17202,Sofia Bisgaard,12391,Cecilie Olsen,Volleyball World Beach Pro Tour 2020 Season Summary,3746,2020
Doha, Qatar,Mar 8-12,W,7091,Alix Klineman,7389,April Ross,10798,Melissa Humana-Paredes,14304,Sarah Pavan,6641,Agatha Bednarczuk,13802,Duda Lisboa,15139,Kelley Kolinske,10583,Emily Stockman,Volleyball World Beach Pro Tour 2021 Season Summary,3898,2021
Cancun, Mexico,Apr 16-20,M,14741,Anders Mol,13274,Christian Sorum,15097,Cherif Samba,15096,Ahmed Tijan,13393,Ondrej Perusic,16538,David Schweiner,13344,Martin Ermacora,14710,Moritz Pristauz,Volleyball World Beach Pro Tour 2021 Season Summary,3900,2021
Cancun, Mexico,Apr 16-20,W,5146,Talita Antunes,6751,Taiana Lima,10798,Melissa Humana-Paredes,14304,Sarah Pavan,6641,Agatha Bednarczuk,13802,Duda Lisboa,9373,Chantal Laboureur,11838,Cinja Tillmann,Volleyball World Beach Pro Tour 2021 Season Summary,3901,2021
Siofok, Hungary,Aug 23-26,W,13360,Tjasa Jancar,17653,Tjasa Kotnik,18707,Sara Cavretti,18167,Sofia Wahlen,14437,Satono Ishitsubo,18396,Asami Shiba,18100,Agata Ceynowa,15439,Martyna Kloda,Volleyball World Beach Pro Tour 2019 Season Summary,3548,2019
Montpellier, France,Aug 28-Sep 1,M,17320,Olivier Barthelemy,13724,Edouard Rowlandson,17129,Quincy Aye,15029,Youssef Krou,13338,Romain Di Giantommaso,18144,Jeremy Silvestre,14784,Florian Breer,14785,Yves Haussener,Volleyball World Beach Pro Tour 2019 Season Summary,3549,2019
Montpellier, France,Aug 28-Sep 1,W,6955,Alexandra Jupiter,15613,Lezana Placette,16241,Esmee Bobner,16243,Zoe Verge-Depre,13150,Nicole Eiholzer,16745,Elena Steinemann,8801,Laura Longuet,14341,Ophelie Lusson,Volleyball World Beach Pro Tour 2019 Season Summary,3550,2019
Tlaxcala, Mexico,Mar 16-20,W,5887,Carol Salgado,8022,Barbara Seixas,16919,Raisa Schoon,16917,Katja Stam,18464,Thamela Coradelli,9593,Elize Maia,18268,Hegeile Almeida,6751,Taiana Lima,Volleyball World Beach Pro Tour 2022 Season Summary,3986,2022
Rosarito, Mexico,Mar 23-27,M,15097,Cherif Samba,15096,Ahmed Tijan,9129,Alexander Brouwer,9130,Robert Meeuwsen,14741,Anders Mol,13274,Christian Sorum,13340,Michal Bryl,10444,Bartosz Losiak,Volleyball World Beach Pro Tour 2022 Season Summary,3961,2022
Rosarito, Mexico,Mar 23-27,W,16919,Raisa Schoon,16917,Katja Stam,14462,Tina Graudina,14774,Anastasija Samoilova,5146,Talita Antunes,11610,Rebecca Cavalcanti,14478,Kelly Cheng,12974,Betsi Flint,Volleyball World Beach Pro Tour 2022 Season Summary,3962,2022
Kish Island, Iran,Feb 20-24,M,6959,Mariusz Prudel,7843,Jakub Szalankiewicz,6769,Martins Plavins,12433,Edgars Tocs,9556,Alexander Walkenhorst,15725,Sven Winter,13301,Julian Horl,12379,Tobias Winter,Volleyball World Beach Pro Tour 2018 Season Summary,3415,2018
Fort Lauderdale, United States,Feb 27-Mar 4,M,5214,Phil Dalhausser,1931,Nick Lucena,9422,Daniele Lupo,9059,Paolo Nicolai,6770,Aleksandrs Samoilovs,6874,Janis Smedins,6767,Pedro Solberg,14454,George Wanderley,Volleyball World Beach Pro Tour 2018 Season Summary,3416,2018
Phnom Penh, Cambodia,Feb 20-23,M,8410,Christopher McHugh,11185,Damien Schumann,11730,Christoph Dressler,6836,Alexander Huber,17157,Lukas Pfretzschner,16262,Robin Sowa,17148,Laurenz Leitner,13012,Florian Schnetzer,Volleyball World Beach Pro Tour 2020 Season Summary,3747,2020
Guam, Guam,Mar 5-8,W,18189,Yurika Sakaguchi,13075,Chiyo Suzuki,16015,Kimberly Hildreth,16898,Sarah Schermerhorn,17318,Suzuka Hashimoto,9082,Ayumi Shiratori,18522,Megan Kraft,18794,Delaynie Maple,Volleyball World Beach Pro Tour 2020 Season Summary,3748,2020
Cancun, Mexico,Apr 22-26,M,14741,Anders Mol,13274,Christian Sorum,15097,Cherif Samba,15096,Ahmed Tijan,7998,Alison Cerutti,9344,Alvaro Filho,8338,Adrian Carambula,14706,Enrico Rossi,Volleyball World Beach Pro Tour 2021 Season Summary,3902,2021
Cancun, Mexico,Apr 22-26,W,6641,Agatha Bednarczuk,13802,Duda Lisboa,15000,Svetlana Kholomina,13715,Nadezda Makroguzova,7091,Alix Klineman,7389,April Ross,5292,Sanne Keizer,9485,Madelein Meppelink,Volleyball World Beach Pro Tour 2021 Season Summary,3903,2021
Zhongwei, China,Sep 14-16,W,19002,Jingzhe Wang,17591,Shuhui Wen,11612,Fan Wang,7238,Chen Xue,9593,Elize Maia,1900,Maria Clara Salgado,14923,Meimei Lin,13682,Lingdi Zhu,Volleyball World Beach Pro Tour 2019 Season Summary,3553,2019
Qinzhou, China,Sep 30-Oct 4,M,13699,Tri Bourne,13453,Trevor Crabb,15487,Taras Myskiv,9443,Valeriy Samoday,11600,Dries Koekelkoren,11601,Tom van Walle,10757,Cole Durant,11185,Damien Schumann,Volleyball World Beach Pro Tour 2019 Season Summary,3535,2019
Qinzhou, China,Sep 30-Oct 4,W,11610,Rebecca Cavalcanti,15329,Ana Patricia Silva,7849,Marta Menegatti,11826,Viktoria Orsi Toth,14478,Kelly Cheng,14959,Sarah Sponcil,8994,Ekaterina Birlova,7757,Evgenia Ukolova,Volleyball World Beach Pro Tour 2019 Season Summary,3536,2019
Coolangatta, Australia,Mar 30-Apr 3,M,20001,Izac Carracher,17335,Mark Nicolaidis,15321,Jake MacNeil,19884,Alexander Russell,14442,Maximilian Guehrer,14389,Thomas Hodges,19655,Pawel Lewandowski,20527,Jakub Zdybek,Volleyball World Beach Pro Tour 2022 Season Summary,4051,2022
Coolangatta, Australia,Mar 30-Apr 3,W,20804,Taryn Kloth,17607,Kristen Nuss,14447,Phoebe Bell,11836,Nicole Laird,14958,Zana Muno,19441,Toni Rodriguez,17318,Suzuka Hashimoto,16621,Reika Murakami,Volleyball World Beach Pro Tour 2022 Season Summary,4052,2022
Fort Lauderdale, United States,Feb 27-Mar 4,W,14583,Fernanda Alves,8022,Barbara Seixas,11651,Carolina Horta,6751,Taiana Lima,9309,Summer Ross,8047,Brooke Sweat,10805,Victoria Bieneck,10827,Isabel Schneider,Volleyball World Beach Pro Tour 2018 Season Summary,3417,2018
Doha, Qatar,Mar 6-10,M,9129,Alexander Brouwer,9130,Robert Meeuwsen,14263,Oleg Stoyanovskiy,13720,Igor Velichko,15097,Cherif Samba,15096,Ahmed Tijan,5214,Phil Dalhausser,1931,Nick Lucena,Volleyball World Beach Pro Tour 2018 Season Summary,3418,2018
Doha, Qatar,Mar 9-13,M,13340,Michal Bryl,8758,Grzegorz Fijalek,15325,Josue Gaxiola,15326,Jose Rubio,9422,Daniele Lupo,9059,Paolo Nicolai,11854,Evandro Goncalves,8539,Bruno Schmidt,Volleyball World Beach Pro Tour 2020 Season Summary,3754,2020
Langkawi, Malaysia,Mar 12-15,M,19403,Jedrzej Brozyniak,9144,Piotr Janiak,17375,Alexander Annerstedt,19197,Martin Johansson,18177,Ya-Jen Hsieh,18176,Chin-Ju Wang,18166,Dunwinit Kaewsai,11021,Prathip Sukto,Volleyball World Beach Pro Tour 2020 Season Summary,3755,2020
Cancun, Mexico,Apr 28-May 2,M,15097,Cherif Samba,15096,Ahmed Tijan,14524,Ilya Leshukov,11053,Konstantin Semenov,5214,Phil Dalhausser,1931,Nick Lucena,8338,Adrian Carambula,14706,Enrico Rossi,Volleyball World Beach Pro Tour 2021 Season Summary,3904,2021
Cancun, Mexico,Apr 28-May 2,W,8395,Mariafe Artacho,10795,Taliqua Clancy,6641,Agatha Bednarczuk,13802,Duda Lisboa,7091,Alix Klineman,7389,April Ross,10798,Melissa Humana-Paredes,14304,Sarah Pavan,Volleyball World Beach Pro Tour 2021 Season Summary,3905,2021
Sofia, Bulgaria,May 20-23,M,13027,Maksim Hudyakov,16748,Aleksandr Kramarenko,18904,Jakub Nowak,13069,Maciej Rudol,17921,Hugo Campos,16860,Joao Pedrosa,19403,Jedrzej Brozyniak,9144,Piotr Janiak,Volleyball World Beach Pro Tour 2021 Season Summary,3906,2021
Bandar Torkaman, Iran,Oct 3-5,M,15951,Bahman Salemi,16552,Arash Vakili,15996,Abolhamed Mirzaali,11808,Rahman Raoufi,16039,Abbas Pourasgari,11805,Aghamohammad Salagh,8640,Alexey Kuleshov,16429,Artem Petrossyants,Volleyball World Beach Pro Tour 2019 Season Summary,3554,2019
Yangzhou, China,Oct 9-14,M,14524,Ilya Leshukov,11053,Konstantin Semenov,10745,Viacheslav Krasilnikov,14263,Oleg Stoyanovskiy,14052,Saymon Barbosa,11727,Guto Carvalhaes,8789,Sam Pedlow,9346,Sam Schachter,Volleyball World Beach Pro Tour 2019 Season Summary,3447,2019
Babolsar, Iran,Oct 9-12,M,15996,Abolhamed Mirzaali,11808,Rahman Raoufi,8249,Alexandr Dyachenko,8144,Alexey Sidorenko,16934,Alireza Aghajani,16039,Abbas Pourasgari,16443,Gasper Plahutnik,11749,Danijel Pokersnik,Volleyball World Beach Pro Tour 2019 Season Summary,3555,2019
Itapema, Brazil,Apr 14-17,M,15355,Andre Loyola,14454,George Wanderley,13393,Ondrej Perusic,16538,David Schweiner,20203,Leon Luini,14713,Ruben Penninga,16548,Kusti Nolvak,16549,Mart Tiisaar,Volleyball World Beach Pro Tour 2022 Season Summary,3987,2022
Itapema, Brazil,Apr 14-17,W,13154,Sara Hughes,15139,Kelley Kolinske,16919,Raisa Schoon,16917,Katja Stam,14458,Andressa Cavalcanti,16883,Vitoria De Souza,9100,Karla Borger,8417,Julia Sude,Volleyball World Beach Pro Tour 2022 Season Summary,3988,2022
Muscat, Oman,Mar 14-17,M,10764,Philipp Bergmann,16355,Yannick Harms,11808,Rahman Raoufi,15951,Bahman Salemi,16546,Andrea Abbiati,10736,Tiziano Andreatta,18132,Nouh Al-Jalbubi,18133,Mazin Alhashmi,Volleyball World Beach Pro Tour 2018 Season Summary,3419,2018
Aalsmeer, Netherlands,Mar 15-18,M,9129,Alexander Brouwer,9130,Robert Meeuwsen,15089,Jasper Bouter,9429,Christiaan Varenhorst,10778,Dirk Boehle,13566,Steven van de Velde,11848,Ben O'Dea,9436,Sam O'Dea,Volleyball World Beach Pro Tour 2018 Season Summary,3420,2018
Langkawi, Malaysia,Mar 12-15,W,11249,Nai-Han Kou,12690,Pi Hsin Liu,15752,Dorina Klinger,16881,Ronja Klinger,16621,Reika Murakami,17046,Kaho Sakaguchi,18189,Yurika Sakaguchi,13075,Chiyo Suzuki,Volleyball World Beach Pro Tour 2020 Season Summary,3756,2020
Ljubljana, Slovenia,Jul 30-Aug 2,M,16546,Andrea Abbiati,10736,Tiziano Andreatta,2106,Clemens Doppler,5718,Alexander Horst,11730,Christoph Dressler,6836,Alexander Huber,17032,Tadej Bozenk,17764,Vid Jakopin,Volleyball World Beach Pro Tour 2020 Season Summary,3834,2020
Ljubljana, Slovenia,Jul 30-Aug 2,W,11663,Line Hansen,17201,Clara Windeleff,17202,Sofia Bisgaard,12391,Cecilie Olsen,18078,Sarah Cools,18400,Lisa Van Den Vonder,18504,Varvara Brailko,17941,Anete Namike,Volleyball World Beach Pro Tour 2020 Season Summary,3835,2020
Sofia, Bulgaria,May 20-23,W,16376,Corinne Quiggle,15673,Allie Wheeler,11696,Norisbeth Agudo,14540,Gabi Brito,15752,Dorina Klinger,16881,Ronja Klinger,17898,Daria Gusarova,4888,Erika Nystrom,Volleyball World Beach Pro Tour 2021 Season Summary,3907,2021
Sochi, Russia,May 25-30,M,10443,Piotr Kantor,10444,Bartosz Losiak,15097,Cherif Samba,15096,Ahmed Tijan,13566,Steven van de Velde,9429,Christiaan Varenhorst,8338,Adrian Carambula,14706,Enrico Rossi,Volleyball World Beach Pro Tour 2021 Season Summary,3908,2021
Sochi, Russia,May 25-29,W,14478,Kelly Cheng,14959,Sarah Sponcil,13151,Nina Brunner,11625,Tanja Huberli,15000,Svetlana Kholomina,13715,Nadezda Makroguzova,14462,Tina Graudina,14774,Anastasija Samoilova,Volleyball World Beach Pro Tour 2021 Season Summary,3909,2021
Yangzhou, China,Oct 10-14,W,7091,Alix Klineman,7389,April Ross,11610,Rebecca Cavalcanti,15329,Ana Patricia Silva,13154,Sara Hughes,9309,Summer Ross,10798,Melissa Humana-Paredes,14304,Sarah Pavan,Volleyball World Beach Pro Tour 2019 Season Summary,3448,2019
Bandar Anzali, Iran,Oct 16-19,M,8249,Alexandr Dyachenko,8144,Alexey Sidorenko,15951,Bahman Salemi,16552,Arash Vakili,15996,Abolhamed Mirzaali,11808,Rahman Raoufi,16934,Alireza Aghajani,16039,Abbas Pourasgari,Volleyball World Beach Pro Tour 2019 Season Summary,3556,2019
Songkhla, Thailand,Apr 14-17,M,17316,Davide Benzi,16986,Carlo Bonifazi,18352,Andy Benesh,13467,Miles Evans,11848,Ben O'Dea,21138,Thomas Reid,13301,Julian Horl,5718,Alexander Horst,Volleyball World Beach Pro Tour 2022 Season Summary,4067,2022
Songkhla, Thailand,Apr 14-17,W,8018,Varapatsorn Radarong,8021,Tanarattha Udomchavee,20603,Non Matsumoto,20602,Ren Matsumoto,19780,Alina Dormann,16617,Amanda Harnett,17512,Caitlin Bettenay,19370,Alisha Stevens,Volleyball World Beach Pro Tour 2022 Season Summary,4068,2022
Satun, Thailand,Apr 8-11,M,17546,Nuttanon Inkiew,13843,Intuch Techakijvorakul,14509,Mohammad Ashfiya,15022,Candra Rachmawan,15996,Abolhamed Mirzaali,11808,Rahman Raoufi,15354,Tim Dickson,14444,Zachery Schubert,Volleyball World Beach Pro Tour 2018 Season Summary,3425,2018
Satun, Thailand,Apr 8-11,W,8129,Caitlin Ledoux,10583,Emily Stockman,6063,Tatyana Mashkova,9490,Irina Tsimbalova,13873,Taravadee Naraphornrapat,11932,Rumpaipruet Numwong,17365,Dhita Juliana,17366,Putu Utami,Volleyball World Beach Pro Tour 2018 Season Summary,3426,2018
Xiamen, China,Apr 18-22,M,14263,Oleg Stoyanovskiy,13720,Igor Velichko,10745,Viacheslav Krasilnikov,15526,Nikita Liamin,7998,Alison Cerutti,8539,Bruno Schmidt,10443,Piotr Kantor,10444,Bartosz Losiak,Volleyball World Beach Pro Tour 2018 Season Summary,3427,2018
Baden, Austria,Aug 19-23,M,10527,Robin Seidl,13876,Philipp Waller,11641,Mirco Gerson,14650,Adrian Heidrich,14785,Yves Haussener,13743,Quentin Metral,11750,Jan Pokersnik,10129,Nejc Zemljak,Volleyball World Beach Pro Tour 2020 Season Summary,3884,2020
Baden, Austria,Aug 20-23,W,13151,Nina Brunner,11625,Tanja Huberli,10716,Joana Mader,10813,Anouk Verge-Depre,10805,Victoria Bieneck,10827,Isabel Schneider,9100,Karla Borger,8417,Julia Sude,Volleyball World Beach Pro Tour 2020 Season Summary,3885,2020
Montpellier, France,Aug 25-29,M,17928,David Ahman,18278,Jonatan Hellvig,17129,Quincy Aye,15475,Arnaud Gauthier-Rat,18143,Matthew Immers,20203,Leon Luini,14579,Arnaud Loiseau,15406,Timothee Platre,Volleyball World Beach Pro Tour 2020 Season Summary,3843,2020
Ostrava, Czech Republic,Jun 1-6,W,14478,Kelly Cheng,14959,Sarah Sponcil,10716,Joana Mader,10813,Anouk Verge-Depre,5887,Carol Salgado,8022,Barbara Seixas,10798,Melissa Humana-Paredes,14304,Sarah Pavan,Volleyball World Beach Pro Tour 2021 Season Summary,3913,2021
Ostrava, Czech Republic,Jun 2-6,M,9129,Alexander Brouwer,9130,Robert Meeuwsen,13393,Ondrej Perusic,16538,David Schweiner,15355,Andre Loyola,14454,George Wanderley,10745,Viacheslav Krasilnikov,14263,Oleg Stoyanovskiy,Volleyball World Beach Pro Tour 2021 Season Summary,3912,2021
Las Vegas, United States,Oct 16-21,W,9176,Heather Bansley,14956,Brandie Wilkerson,10798,Melissa Humana-Paredes,14304,Sarah Pavan,8003,Maria Antonelli,5887,Carol Salgado,11610,Rebecca Cavalcanti,15329,Ana Patricia Silva,Volleyball World Beach Pro Tour 2019 Season Summary,3558,2019
Las Vegas, United States,Oct 17-21,M,14741,Anders Mol,13274,Christian Sorum,13340,Michal Bryl,8758,Grzegorz Fijalek,10745,Viacheslav Krasilnikov,14263,Oleg Stoyanovskiy,13699,Tri Bourne,13453,Trevor Crabb,Volleyball World Beach Pro Tour 2019 Season Summary,3557,2019
Doha, Qatar,May 5-8,M,13340,Michal Bryl,10444,Bartosz Losiak,17983,Samuele Cottafava,9059,Paolo Nicolai,13344,Martin Ermacora,14710,Moritz Pristauz,18616,Stefan Boermans,17881,Yorick de Groot,Volleyball World Beach Pro Tour 2022 Season Summary,4053,2022
Doha, Qatar,May 5-8,W,5887,Carol Salgado,8022,Barbara Seixas,9373,Chantal Laboureur,16916,Sarah Schulz,13151,Nina Brunner,11625,Tanja Huberli,8395,Mariafe Artacho,10795,Taliqua Clancy,Volleyball World Beach Pro Tour 2022 Season Summary,4054,2022
Xiamen, China,Apr 18-22,W,10798,Melissa Humana-Paredes,14304,Sarah Pavan,14478,Kelly Cheng,6428,Brittany Hochevar,8395,Mariafe Artacho,10795,Taliqua Clancy,6641,Agatha Bednarczuk,13802,Duda Lisboa,Volleyball World Beach Pro Tour 2018 Season Summary,3428,2018
Langkawi, Malaysia,Apr 26-29,M,9809,Simon Fruhbauer,9549,Jorg Wutzl,15529,Petr Bakhnar,15487,Taras Myskiv,17546,Nuttanon Inkiew,13843,Intuch Techakijvorakul,9419,Paul Becker,14809,Eric Stadie,Volleyball World Beach Pro Tour 2018 Season Summary,3429,2018
Vilnius, Lithuania,Sep 11-13,M,16548,Kusti Nolvak,16549,Mart Tiisaar,12438,Robert Juchnevic,10776,Artur Vasiljev,17903,Alberto Di Silvestre,18440,Tobia Marchetto,15767,Dimitriy Korotkov,18671,Timo Lohmus,Volleyball World Beach Pro Tour 2020 Season Summary,3886,2020
Vilnius, Lithuania,Sep 11-13,W,13903,Margherita Bianchin,17144,Claudia Scampoli,13356,Marta Ozolina,20189,Luize Skrastina,12659,Francisca Rivas,20198,Chris Vorpahl,11840,Ieva Dumbauskaite,17171,Karole Virbickaite,Volleyball World Beach Pro Tour 2020 Season Summary,3887,2020
Sofia, Bulgaria,Jun 10-13,M,15529,Petr Bakhnar,9443,Valeriy Samoday,17921,Hugo Campos,16860,Joao Pedrosa,17983,Samuele Cottafava,20220,Gianluca Dal Corso,18440,Tobia Marchetto,16802,Jakob Windisch,Volleyball World Beach Pro Tour 2021 Season Summary,3914,2021
Sofia, Bulgaria,Jun 10-13,W,19530,Anhelina Khmil,19531,Tetiana Lazarenko,11696,Norisbeth Agudo,14540,Gabi Brito,16376,Corinne Quiggle,15673,Allie Wheeler,15752,Dorina Klinger,16881,Ronja Klinger,Volleyball World Beach Pro Tour 2021 Season Summary,3915,2021
Gstaad, Switzerland,Jul 5-10,M,18616,Stefan Boermans,17881,Yorick de Groot,15097,Cherif Samba,15096,Ahmed Tijan,10745,Viacheslav Krasilnikov,14263,Oleg Stoyanovskiy,15526,Nikita Liamin,15487,Taras Myskiv,Volleyball World Beach Pro Tour 2021 Season Summary,3916,2021
Chetumal, Mexico,Oct 24-28,W,9176,Heather Bansley,14956,Brandie Wilkerson,8129,Caitlin Ledoux,7546,Geena Urango,8047,Brooke Sweat,1923,Kerri Walsh Jennings,14209,Megan McNamara,14208,Nicole McNamara,Volleyball World Beach Pro Tour 2019 Season Summary,3559,2019
Ljubljana, Slovenia,Nov 29-Dec 2,M,9342,Aliaksandr Dziadkou,17357,Pavel Piatrushka,11422,Selcuk Sekerci,15101,Safa Urlu,16902,Paul Burnett,14442,Maximilian Guehrer,16262,Robin Sowa,14809,Eric Stadie,Volleyball World Beach Pro Tour 2019 Season Summary,3570,2019
Madrid, Spain,May 12-15,M,14785,Yves Haussener,13743,Quentin Metral,7783,Adrian Gavira,2077,Pablo Herrera,18143,Matthew Immers,9433,Mart van Werkhoven,11750,Jan Pokersnik,10129,Nejc Zemljak,Volleyball World Beach Pro Tour 2022 Season Summary,4005,2022
Madrid, Spain,May 19-22,W,18513,Sofia Gonzalez,11614,Paula Soria,20460,Valentina Gottardi,7849,Marta Menegatti,15434,Reka Orsi Toth,11826,Viktoria Orsi Toth,15752,Dorina Klinger,16881,Ronja Klinger,Volleyball World Beach Pro Tour 2022 Season Summary,4006,2022
Langkawi, Malaysia,Apr 26-29,W,11691,Ksenia Dabizha,14717,Daria Mastikova,16917,Katja Stam,14716,Julia Wouters,14447,Phoebe Bell,13714,Jessyka Ngauamo,15427,Tereza Pluharova,10974,Martina Williams,Volleyball World Beach Pro Tour 2018 Season Summary,3430,2018
Huntington Beach, United States,May 1-6,M,9129,Alexander Brouwer,9130,Robert Meeuwsen,11854,Evandro Goncalves,15355,Andre Loyola,7783,Adrian Gavira,2077,Pablo Herrera,6770,Aleksandrs Samoilovs,6874,Janis Smedins,Volleyball World Beach Pro Tour 2018 Season Summary,3431,2018
Huntington Beach, United States,May 1-6,W,14583,Fernanda Alves,8022,Barbara Seixas,8003,Maria Antonelli,5887,Carol Salgado,9373,Chantal Laboureur,8417,Julia Sude,10798,Melissa Humana-Paredes,14304,Sarah Pavan,Volleyball World Beach Pro Tour 2018 Season Summary,3432,2018
Gstaad, Switzerland,Jul 5-11,W,6641,Agatha Bednarczuk,13802,Duda Lisboa,11610,Rebecca Cavalcanti,15329,Ana Patricia Silva,10798,Melissa Humana-Paredes,14304,Sarah Pavan,14462,Tina Graudina,14774,Anastasija Samoilova,Volleyball World Beach Pro Tour 2021 Season Summary,3917,2021
Rubavu, Rwanda,Jul 13-18,W,8458,Emily Capers,13154,Sara Hughes,9373,Chantal Laboureur,16916,Sarah Schulz,17168,Svenja Muller,13770,Sarah Schneider,8506,Valentyna Davidova,13532,Diana Lunina,Volleyball World Beach Pro Tour 2021 Season Summary,3919,2021
Ljubljana, Slovenia,Nov 29-Dec 2,W,4956,Vasiliki Arvaniti,14314,Penny Karagkouni,13829,Urte Andriukaityte,16762,Vytene Vitkauskaite,9397,Maryna Hladun,13532,Diana Lunina,18504,Varvara Brailko,17941,Anete Namike,Volleyball World Beach Pro Tour 2019 Season Summary,3571,2019
The Hague, Netherlands,Jan 2-6,M,10745,Viacheslav Krasilnikov,14263,Oleg Stoyanovskiy,15563,Julius Thole,13767,Clemens Wickler,14524,Ilya Leshukov,11053,Konstantin Semenov,9129,Alexander Brouwer,9130,Robert Meeuwsen,Volleyball World Beach Pro Tour 2019 Season Summary,3572,2019
Kusadasi, Türkiye,May 19-22,M,17928,David Ahman,18278,Jonatan Hellvig,16902,Paul Burnett,8410,Christopher McHugh,17592,Nils Ehlers,13767,Clemens Wickler,8338,Adrian Carambula,14706,Enrico Rossi,Volleyball World Beach Pro Tour 2022 Season Summary,4055,2022
Kusadasi, Türkiye,May 19-22,W,20804,Taryn Kloth,17607,Kristen Nuss,8395,Mariafe Artacho,10795,Taliqua Clancy,17069,Terese Cannon,14959,Sarah Sponcil,13144,Sandra Ittlinger,10827,Isabel Schneider,Volleyball World Beach Pro Tour 2022 Season Summary,4056,2022
Rhodes, Greece,May 20-22,M,14785,Yves Haussener,13743,Quentin Metral,13467,Miles Evans,16472,Logan Webber,13629,Jyrki Nurminen,15009,Santeri Siren,18903,Mateusz Florczyk,7843,Jakub Szalankiewicz,Volleyball World Beach Pro Tour 2022 Season Summary,4007,2022
Mersin, Türkiye,May 2-6,M,14524,Ilya Leshukov,11053,Konstantin Semenov,13393,Ondrej Perusic,16538,David Schweiner,14857,Nivaldo Diaz,9402,Sergio Gonzalez,11641,Mirco Gerson,14650,Adrian Heidrich,Volleyball World Beach Pro Tour 2018 Season Summary,3433,2018
Mersin, Türkiye,May 2-6,W,11650,Lena Plesiutschnig,11649,Katharina Schutzenhofer,5292,Sanne Keizer,9485,Madelein Meppelink,9532,Natalia Pridalova,17413,Andrea Strbova,16155,Josemari Alves,9923,Liliane Maestrini,Volleyball World Beach Pro Tour 2018 Season Summary,3434,2018
Rubavu, Rwanda,Jul 14-18,M,7831,Theo Brunner,11005,Chaim Schalk,13452,Chase Budinger,17820,Troy Field,13027,Maksim Hudyakov,16748,Aleksandr Kramarenko,19110,Anton Kislytsyn,10968,Daniil Kuvichka,Volleyball World Beach Pro Tour 2021 Season Summary,3918,2021
Leuven, Belgium,Jul 15-18,M,11600,Dries Koekelkoren,11601,Tom van Walle,20347,Tom Altwies,14579,Arnaud Loiseau,17987,Crtomir Bosnjak,11749,Danijel Pokersnik,20348,Liam Patte,15406,Timothee Platre,Volleyball World Beach Pro Tour 2021 Season Summary,3920,2021
Leuven, Belgium,Jul 15-18,W,19434,Crissy Jones,14958,Zana Muno,17810,Chenoa Christ,18514,Anna-Lena Grune,18078,Sarah Cools,18400,Lisa Van Den Vonder,19685,Maud Catry,11595,Els Vandesteene,Volleyball World Beach Pro Tour 2021 Season Summary,3921,2021
The Hague, Netherlands,Jan 2-6,W,11610,Rebecca Cavalcanti,15329,Ana Patricia Silva,14478,Kelly Cheng,14959,Sarah Sponcil,7914,Taru Lahti,13428,Anniina Parkkinen,7091,Alix Klineman,7389,April Ross,Volleyball World Beach Pro Tour 2019 Season Summary,3573,2019
Phnom Penh, Cambodia,Feb 21-24,W,4956,Vasiliki Arvaniti,14314,Penny Karagkouni,14159,Amanda Lawson,16376,Corinne Quiggle,18189,Yurika Sakaguchi,13075,Chiyo Suzuki,11932,Rumpaipruet Numwong,8021,Tanarattha Udomchavee,Volleyball World Beach Pro Tour 2019 Season Summary,3580,2019
Ostrava, Czech Republic,May 25-29,M,14741,Anders Mol,13274,Christian Sorum,13393,Ondrej Perusic,16538,David Schweiner,9129,Alexander Brouwer,9130,Robert Meeuwsen,7783,Adrian Gavira,2077,Pablo Herrera,Volleyball World Beach Pro Tour 2022 Season Summary,3967,2022
Ostrava, Czech Republic,May 25-29,W,17168,Svenja Muller,11838,Cinja Tillmann,5146,Talita Antunes,11610,Rebecca Cavalcanti,13151,Nina Brunner,11625,Tanja Huberli,10716,Joana Mader,10813,Anouk Verge-Depre,Volleyball World Beach Pro Tour 2022 Season Summary,3968,2022
Manila, Philippines,May 3-6,M,13440,Max-Jonas Karpa,15723,Milan Sievers,15529,Petr Bakhnar,15487,Taras Myskiv,11642,Gabriel Kissling,14587,Michiel Zandbergen,15404,Alejandro Huerta,14800,Javier Huerta,Volleyball World Beach Pro Tour 2018 Season Summary,3435,2018
Sofia, Bulgaria,Jul 15-18,M,18903,Mateusz Florczyk,7843,Jakub Szalankiewicz,16495,Vinicius Cardoso,14457,Matheus Maia,15529,Petr Bakhnar,9443,Valeriy Samoday,15915,Lazar Kolaric,18536,Milos Milic,Volleyball World Beach Pro Tour 2021 Season Summary,3922,2021
Sofia, Bulgaria,Jul 22-25,W,13903,Margherita Bianchin,17144,Claudia Scampoli,13757,Sophie Bukovec,14937,Camille Saxton,18078,Sarah Cools,18400,Lisa Van Den Vonder,11813,Inna Makhno,18110,Anna Shumeiko,Volleyball World Beach Pro Tour 2021 Season Summary,3923,2021
Visakhapatnam, India,Feb 28-Mar 3,M,10963,Armin Dollinger,16263,Simon Kulzer,18177,Ya-Jen Hsieh,18176,Chin-Ju Wang,15315,Sergiy Grabovskyy,11251,Cameron Wheelan,10957,Hitoshi Murakami,17403,Takashi Tsuchiya,Volleyball World Beach Pro Tour 2019 Season Summary,3574,2019
Visakhapatnam, India,Feb 28-Mar 3,W,16946,Martina Maixnerova,10974,Martina Williams,18189,Yurika Sakaguchi,13075,Chiyo Suzuki,13351,Nadine Strauss,13352,Teresa Strauss,8951,Miller Pata,16558,Sherysyn Toko,Volleyball World Beach Pro Tour 2019 Season Summary,3575,2019
Cervia, Italy,May 26-29,M,14966,Fabrizio Manni,11220,Francesco Vanni,14389,Thomas Hodges,14444,Zachery Schubert,18496,Eylon Elazar,11958,Netanel Ohana,18577,Jonathan Jordan,18580,Immanuel Zurcher,Volleyball World Beach Pro Tour 2022 Season Summary,4071,2022
Cervia, Italy,May 26-29,W,17791,Emma Piersma,17054,Mexime van Driel,19554,Menia Bentele,17886,Anna Lutz,15434,Reka Orsi Toth,11826,Viktoria Orsi Toth,20460,Valentina Gottardi,7849,Marta Menegatti,Volleyball World Beach Pro Tour 2022 Season Summary,4072,2022
Manila, Philippines,May 3-6,W,7402,Takemi Nishibori,9082,Ayumi Shiratori,16287,Maria Carro,11614,Paula Soria,15076,Erika Bobadilla,14290,Michelle Valiente,10991,Sakurako Fujii,5413,Shinako Tanaka,Volleyball World Beach Pro Tour 2018 Season Summary,3436,2018
Phnom Penh, Cambodia,May 4-6,W,11615,Anna Behlen,13770,Sarah Schneider,17318,Suzuka Hashimoto,10212,Sayaka Mizoe,11691,Ksenia Dabizha,14717,Daria Mastikova,13755,Alice Bain,9496,Julia Tilley,Volleyball World Beach Pro Tour 2018 Season Summary,3522,2018
Tuan Chau Island, Vietnam,May 9-12,W,17318,Suzuka Hashimoto,10212,Sayaka Mizoe,16250,Minori Kumada,15016,Yui Nagata,17046,Kaho Sakaguchi,17045,Yukako Suzuki,17426,Noy Chorin,17425,Sofia Starikov,Volleyball World Beach Pro Tour 2018 Season Summary,3438,2018
Tokyo, Japan,Jul 24-Aug 7,M,14741,Anders Mol,13274,Christian Sorum,10745,Viacheslav Krasilnikov,14263,Oleg Stoyanovskiy,15097,Cherif Samba,15096,Ahmed Tijan,6769,Martins Plavins,12433,Edgars Tocs,Volleyball World Beach Pro Tour 2021 Season Summary,3736,2021
Tokyo, Japan,Jul 24-Aug 6,W,7091,Alix Klineman,7389,April Ross,8395,Mariafe Artacho,10795,Taliqua Clancy,10716,Joana Mader,10813,Anouk Verge-Depre,14462,Tina Graudina,14774,Anastasija Samoilova,Volleyball World Beach Pro Tour 2021 Season Summary,3737,2021
Sydney, Australia,Mar 5-10,M,12583,Esteban Grimalt,12656,Marco Grimalt,8338,Adrian Carambula,14706,Enrico Rossi,6042,Billy Allen,10939,Stafford Slick,15029,Youssef Krou,13724,Edouard Rowlandson,Volleyball World Beach Pro Tour 2019 Season Summary,3634,2019
Sydney, Australia,Mar 6-10,W,11836,Nicole Laird,7920,Becchara Palmer,8458,Emily Capers,12974,Betsi Flint,8047,Brooke Sweat,1923,Kerri Walsh Jennings,11612,Fan Wang,14924,Xinyi Xia,Volleyball World Beach Pro Tour 2019 Season Summary,3635,2019
Jurmala, Latvia,Jun 1-5,M,17983,Samuele Cottafava,9059,Paolo Nicolai,15097,Cherif Samba,15096,Ahmed Tijan,15355,Andre Loyola,14454,George Wanderley,16548,Kusti Nolvak,16549,Mart Tiisaar,Volleyball World Beach Pro Tour 2022 Season Summary,3969,2022
Jurmala, Latvia,Jun 1-5,W,10798,Melissa Humana-Paredes,14304,Sarah Pavan,5887,Carol Salgado,8022,Barbara Seixas,13802,Duda Lisboa,15329,Ana Patricia Silva,13154,Sara Hughes,15139,Kelley Kolinske,Volleyball World Beach Pro Tour 2022 Season Summary,3970,2022
Klaipeda, Lithuania,Jun 2-5,M,13301,Julian Horl,5718,Alexander Horst,18496,Eylon Elazar,11958,Netanel Ohana,13629,Jyrki Nurminen,15009,Santeri Siren,19395,Tomas Semerad,18823,Jakub Sepka,Volleyball World Beach Pro Tour 2022 Season Summary,4073,2022
Lucerne, Switzerland,May 9-13,M,13453,Trevor Crabb,5323,John Mayer,10658,Stefan Basta,15915,Lazar Kolaric,11641,Mirco Gerson,14650,Adrian Heidrich,14509,Mohammad Ashfiya,15022,Candra Rachmawan,Volleyball World Beach Pro Tour 2018 Season Summary,3439,2018
Lucerne, Switzerland,May 9-13,W,8395,Mariafe Artacho,10795,Taliqua Clancy,11612,Fan Wang,14924,Xinyi Xia,15139,Kelley Kolinske,10583,Emily Stockman,13779,Joy Stubbe,6760,Marleen Van Iersel,Volleyball World Beach Pro Tour 2018 Season Summary,3440,2018
Ljubljana, Slovenia,Jul 29-Aug 1,M,16270,Audrius Knasas,17181,Patrikas Stankevicius,19501,Rok Bracko,16442,Alan Kosenina,15915,Lazar Kolaric,18536,Milos Milic,15707,Martin Appelgren,17376,Alexander Herrmann,Volleyball World Beach Pro Tour 2021 Season Summary,3924,2021
Ljubljana, Slovenia,Jul 29-Aug 1,W,15756,Marie-Sara Stochlova,10974,Martina Williams,16918,Emi van Driel,17054,Mexime van Driel,13903,Margherita Bianchin,17144,Claudia Scampoli,18078,Sarah Cools,18400,Lisa Van Den Vonder,Volleyball World Beach Pro Tour 2021 Season Summary,3925,2021
Kampong Speu, Cambodia,Mar 7-10,M,14261,Maxim Sivolap,14264,Artem Yarzutkin,7289,Grant Goldschmidt,11155,Leo Williams,16819,Jacob Brinck,15013,Mads Rosager,15734,Moritz Kindl,16875,Arwin Kopschar,Volleyball World Beach Pro Tour 2019 Season Summary,3581,2019
Doha, Qatar,Mar 11-16,M,12583,Esteban Grimalt,12656,Marco Grimalt,5214,Phil Dalhausser,1931,Nick Lucena,7783,Adrian Gavira,2077,Pablo Herrera,13340,Michal Bryl,8758,Grzegorz Fijalek,Volleyball World Beach Pro Tour 2019 Season Summary,3582,2019
Klaipeda, Lithuania,Jun 2-5,W,12176,Erika Kliokmanaite,12330,Monika Paulikiene,17653,Tjasa Kotnik,16304,Tajda Lovsin,14837,Jessica Gaffney,16798,Molly Turner,16448,Heleene Hollas,16449,Liisa Soomets,Volleyball World Beach Pro Tour 2022 Season Summary,4074,2022
Rome, Italy,Jun 10-19,M,14741,Anders Mol,13274,Christian Sorum,9345,Vitor Felipe,16878,Renato Lima,15355,Andre Loyola,14454,George Wanderley,7831,Theo Brunner,11005,Chaim Schalk,Volleyball World Beach Pro Tour 2022 Season Summary,3989,2022
Bangkok, Thailand,May 10-13,M,17594,Gottsu Ishijima,15908,Takumi Takahashi,13016,Daniel Mullner,13012,Florian Schnetzer,15404,Alejandro Huerta,14800,Javier Huerta,16748,Aleksandr Kramarenko,15487,Taras Myskiv,Volleyball World Beach Pro Tour 2018 Season Summary,3441,2018
Bangkok, Thailand,May 10-13,W,11148,Aurora Davis,16016,Bree Scarbrough,16287,Maria Carro,11614,Paula Soria,7402,Takemi Nishibori,9082,Ayumi Shiratori,14209,Megan McNamara,14208,Nicole McNamara,Volleyball World Beach Pro Tour 2018 Season Summary,3442,2018
Itapema, Brazil,May 16-20,M,11854,Evandro Goncalves,15355,Andre Loyola,14741,Anders Mol,13274,Christian Sorum,10443,Piotr Kantor,10444,Bartosz Losiak,11727,Guto Carvalhaes,9345,Vitor Felipe,Volleyball World Beach Pro Tour 2018 Season Summary,3443,2018
Sofia, Bulgaria,Aug 5-8,M,10778,Dirk Boehle,9433,Mart van Werkhoven,20220,Gianluca Dal Corso,18440,Tobia Marchetto,16546,Andrea Abbiati,10736,Tiziano Andreatta,18458,Dmitrii Veretiuk,14264,Artem Yarzutkin,Volleyball World Beach Pro Tour 2021 Season Summary,3926,2021
Sofia, Bulgaria,Aug 5-8,W,16448,Heleene Hollas,16449,Liisa Soomets,13903,Margherita Bianchin,16294,Chiara They,19081,Sara Breidenbach,17144,Claudia Scampoli,13339,Jagoda Gruszczynska,16352,Kinga Legieta,Volleyball World Beach Pro Tour 2021 Season Summary,3927,2021
Siem Reap, Cambodia,Mar 21-24,M,11730,Christoph Dressler,6836,Alexander Huber,14261,Maxim Sivolap,14264,Artem Yarzutkin,14785,Yves Haussener,13743,Quentin Metral,9338,Peter Eglseer,13012,Florian Schnetzer,Volleyball World Beach Pro Tour 2019 Season Summary,3585,2019
Battambang, Cambodia,Apr 4-7,W,8579,Lara Dykstra,17741,Cassie House,15394,Dimitra Manavi,16865,Konstantina Tsopoulou,14437,Satono Ishitsubo,18396,Asami Shiba,10991,Sakurako Fujii,16250,Minori Kumada,Volleyball World Beach Pro Tour 2019 Season Summary,3586,2019
Rome, Italy,Jun 10-19,W,13802,Duda Lisboa,15329,Ana Patricia Silva,13757,Sophie Bukovec,14956,Brandie Wilkerson,17168,Svenja Muller,11838,Cinja Tillmann,10716,Joana Mader,10813,Anouk Verge-Depre,Volleyball World Beach Pro Tour 2022 Season Summary,3990,2022
Itapema, Brazil,May 16-20,W,6641,Agatha Bednarczuk,13802,Duda Lisboa,10716,Joana Mader,10813,Anouk Verge-Depre,9176,Heather Bansley,14956,Brandie Wilkerson,8003,Maria Antonelli,5887,Carol Salgado,Volleyball World Beach Pro Tour 2018 Season Summary,3444,2018
Aydin, Türkiye,May 17-20,M,10658,Stefan Basta,15915,Lazar Kolaric,15996,Abolhamed Mirzaali,11808,Rahman Raoufi,10787,Ruslan Bykanov,13027,Maksim Hudyakov,15049,Hasan Mermer,15101,Safa Urlu,Volleyball World Beach Pro Tour 2018 Season Summary,3445,2018
Cortegaça, Portugal,Aug 12-15,M,16820,Joaquin Bello,16932,Luis Javier Bello,17921,Hugo Campos,16860,Joao Pedrosa,11764,Sebastiao Alves,2557,Roberto Silva Reis,13635,Michael Murauer,18523,Jakob Reiter,Volleyball World Beach Pro Tour 2021 Season Summary,3939,2021
Cortegaça, Portugal,Aug 12-15,W,15017,Shaunna Polley,20511,Alice Zeimann,19525,Brecht Piersma,17791,Emma Piersma,9523,Nuria Bouza,9599,Nazaret  Florian,18586,Wies Bekhuis,18966,Nadine Everaert,Volleyball World Beach Pro Tour 2021 Season Summary,3940,2021
Satun, Thailand,Apr 8-11,M,14999,Denys Denysenko,11533,Vladyslav Iemelianchyk,15996,Abolhamed Mirzaali,11808,Rahman Raoufi,10773,Sergey Bogatu,9192,Dmitriy Yakovlev,18105,Kitti Duangjinda,18166,Dunwinit Kaewsai,Volleyball World Beach Pro Tour 2019 Season Summary,3587,2019
Satun, Thailand,Apr 8-11,W,11249,Nai-Han Kou,12690,Pi Hsin Liu,8951,Miller Pata,16558,Sherysyn Toko,9397,Maryna Hladun,13532,Diana Lunina,8461,Andrea Galindo,8462,Gorda Galindo,Volleyball World Beach Pro Tour 2019 Season Summary,3588,2019
Balikesir, Türkiye,Jun 16-19,M,13763,Djordje Klasnic,15915,Lazar Kolaric,13751,Bradley Fuller,9436,Sam O'Dea,13113,Thomas Hartles,17326,Alani Nicklin,11848,Ben O'Dea,21138,Thomas Reid,Volleyball World Beach Pro Tour 2022 Season Summary,4075,2022
Balikesir, Türkiye,Jun 16-19,W,18522,Megan Kraft,17552,Savvy Simo,16670,Brook Bauer,15598,Katie Horton,17937,Daniela Alvarez,16286,Tania Moreno,12176,Erika Kliokmanaite,12330,Monika Paulikiene,Volleyball World Beach Pro Tour 2022 Season Summary,4076,2022
Aydin, Türkiye,May 17-20,W,14092,Mailen Deliz,13741,Leila Martinez,11691,Ksenia Dabizha,14717,Daria Mastikova,13942,Sanna Thurin,13941,Tina Thurin,12487,Sigrid Simonsson,10993,Tadva Yoken,Volleyball World Beach Pro Tour 2018 Season Summary,3446,2018
Miguel Pereira, Brazil,May 24-27,M,11120,Luciano Ferreira,15356,Vinicius Rezende,10105,Rodrigo Bernat,618,Harley Marques,16489,Alvaro Andrade,11628,Ramon Gomes,16495,Vinicius Cardoso,16695,Felipe Numasawa,Volleyball World Beach Pro Tour 2018 Season Summary,3508,2018
Miguel Pereira, Brazil,May 25-27,W,16452,Adriana-Maria Matei,16451,Beata Vaida,18274,Aline Lebioda,18275,Diana Silva,15283,Victoria Lopes,14460,Taina Silva,9972,Rachel Nunes,8002,Naiana Rodrigues,Volleyball World Beach Pro Tour 2018 Season Summary,3509,2018
Prague, Czech Republic,Aug 19-22,M,13393,Ondrej Perusic,16538,David Schweiner,10764,Philipp Bergmann,16355,Yannick Harms,17928,David Ahman,18278,Jonatan Hellvig,15012,Kristoffer Abell,16819,Jacob Brinck,Volleyball World Beach Pro Tour 2021 Season Summary,3910,2021
Prague, Czech Republic,Aug 19-22,W,18464,Thamela Coradelli,9593,Elize Maia,16241,Esmee Bobner,16243,Zoe Verge-Depre,14458,Andressa Cavalcanti,16883,Vitoria De Souza,8506,Valentyna Davidova,13532,Diana Lunina,Volleyball World Beach Pro Tour 2021 Season Summary,3911,2021
Budapest, Hungary,Aug 19-22,M,13629,Jyrki Nurminen,15009,Santeri Siren,20220,Gianluca Dal Corso,18440,Tobia Marchetto,18496,Eylon Elazar,11958,Netanel Ohana,15915,Lazar Kolaric,18536,Milos Milic,Volleyball World Beach Pro Tour 2021 Season Summary,3937,2021
Langkawi, Malaysia,Apr 11-14,M,19110,Anton Kislytsyn,10968,Daniil Kuvichka,10788,Andrey Bolgov,19111,Vladislav Ermilov,10957,Hitoshi Murakami,17403,Takashi Tsuchiya,19116,Piotr Ilewicz,18187,Adrian Sdebel,Volleyball World Beach Pro Tour 2019 Season Summary,3589,2019
Langkawi, Malaysia,Apr 11-14,W,8579,Lara Dykstra,17741,Cassie House,9397,Maryna Hladun,13532,Diana Lunina,15394,Dimitra Manavi,16865,Konstantina Tsopoulou,18189,Yurika Sakaguchi,18179,Mayu Sawame,Volleyball World Beach Pro Tour 2019 Season Summary,3590,2019
Göteborg, Sweden,Apr 18-21,M,9342,Aliaksandr Dziadkou,17357,Pavel Piatrushka,11711,Haralds Regza,6875,Toms Smedins,11422,Selcuk Sekerci,15101,Safa Urlu,17375,Alexander Annerstedt,15707,Martin Appelgren,Volleyball World Beach Pro Tour 2019 Season Summary,3647,2019
Bialystok, Poland,Jun 23-26,M,18903,Mateusz Florczyk,7843,Jakub Szalankiewicz,9444,Sergiy Popov,14271,Eduard Reznik,12438,Robert Juchnevic,10776,Artur Vasiljev,16270,Audrius Knasas,17181,Patrikas Stankevicius,Volleyball World Beach Pro Tour 2022 Season Summary,4077,2022
Bialystok, Poland,Jun 23-26,W,18522,Megan Kraft,10583,Emily Stockman,19530,Anhelina Khmil,19531,Tetiana Lazarenko,13339,Jagoda Gruszczynska,17223,Aleksandra Wachowicz,16670,Brook Bauer,15598,Katie Horton,Volleyball World Beach Pro Tour 2022 Season Summary,4078,2022
Jinjiang, China,May 31-Jun 3,M,13453,Trevor Crabb,5323,John Mayer,17592,Nils Ehlers,11635,Lorenz Schumann,8081,Peng Gao,10185,Yang Li,13439,Max Betzien,8227,Jonathan Erdmann,Volleyball World Beach Pro Tour 2018 Season Summary,3451,2018
Jinjiang, China,May 31-Jun 3,W,17318,Suzuka Hashimoto,10212,Sayaka Mizoe,11249,Nai-Han Kou,12690,Pi Hsin Liu,16621,Reika Murakami,13075,Chiyo Suzuki,11148,Aurora Davis,16016,Bree Scarbrough,Volleyball World Beach Pro Tour 2018 Season Summary,3452,2018
Alanya, Türkiye,May 31-Jun 3,M,10787,Ruslan Bykanov,13027,Maksim Hudyakov,11420,Murat Giginoglu,11531,Volkan Gogtepe,15967,Oleksii Denin,14999,Denys Denysenko,14784,Florian Breer,14785,Yves Haussener,Volleyball World Beach Pro Tour 2018 Season Summary,3461,2018
Budapest, Hungary,Aug 19-22,W,19081,Sara Breidenbach,16294,Chiara They,17898,Daria Gusarova,4888,Erika Nystrom,19530,Anhelina Khmil,19531,Tetiana Lazarenko,17258,Anita Dave,17425,Sofia Starikov,Volleyball World Beach Pro Tour 2021 Season Summary,3938,2021
Montpellier, France,Aug 25-29,M,17129,Quincy Aye,15475,Arnaud Gauthier-Rat,13763,Djordje Klasnic,15915,Lazar Kolaric,18161,Ardis Bedritis,18799,Arturs Rinkevics,15466,Felix Friedl,15826,Maximilian Trummer,Volleyball World Beach Pro Tour 2021 Season Summary,3930,2021
Göteborg, Sweden,Apr 18-21,W,16919,Raisa Schoon,16918,Emi van Driel,11813,Inna Makhno,11602,Iryna Makhno,13279,Victoria Kjolberg,10836,Ane Tveit Hjortland,16917,Katja Stam,14716,Julia Wouters,Volleyball World Beach Pro Tour 2019 Season Summary,3648,2019
Xiamen, China,Apr 23-28,M,10745,Viacheslav Krasilnikov,14263,Oleg Stoyanovskiy,7783,Adrian Gavira,2077,Pablo Herrera,15097,Cherif Samba,15096,Ahmed Tijan,8338,Adrian Carambula,14706,Enrico Rossi,Volleyball World Beach Pro Tour 2019 Season Summary,3591,2019
Xiamen, China,Apr 23-28,W,11610,Rebecca Cavalcanti,15329,Ana Patricia Silva,9361,Barbora Hermannova,7763,Marketa Slukova,8395,Mariafe Artacho,10795,Taliqua Clancy,13154,Sara Hughes,9309,Summer Ross,Volleyball World Beach Pro Tour 2019 Season Summary,3592,2019
Ios, Greece,Jun 29-Jul 2,M,15671,Vaclav Bercik,17150,Matyas Dzavoronok,18496,Eylon Elazar,11958,Netanel Ohana,16354,Issa Batrane,18673,Frederick Bialokoz,17185,Nils Ringoen,10779,Svein Solhaug,Volleyball World Beach Pro Tour 2022 Season Summary,4008,2022
Ios, Greece,Jun 29-Jul 2,W,15752,Dorina Klinger,16881,Ronja Klinger,17653,Tjasa Kotnik,16304,Tajda Lovsin,11840,Ieva Dumbauskaite,17582,Gerda Grudzinskaite,12452,Katarzyna Kociolek,17583,Marta Lodej,Volleyball World Beach Pro Tour 2022 Season Summary,4009,2022
Alanya, Türkiye,May 31-Jun 3,W,13770,Sarah Schneider,15727,Viktoria Seeber,8862,Bugra Eryildiz,16456,Aleyna Vence,14577,Daria Rudykh,15112,Elizaveta Zayonchkovskaya,10808,Silvia Costantini,15783,Gaia Traballi,Volleyball World Beach Pro Tour 2018 Season Summary,3462,2018
Brno, Czech Republic,Aug 26-29,W,8458,Emily Capers,12974,Betsi Flint,15756,Marie-Sara Stochlova,10974,Martina Williams,17168,Svenja Muller,11838,Cinja Tillmann,15017,Shaunna Polley,20511,Alice Zeimann,Volleyball World Beach Pro Tour 2021 Season Summary,3931,2021
Warsaw, Poland,Sep 2-5,M,13629,Jyrki Nurminen,15009,Santeri Siren,17919,Milosz Kruk,7843,Jakub Szalankiewicz,20203,Leon Luini,17321,Thijs Nijeboer,19910,Kevin Cuzmiciov,18866,River Day,Volleyball World Beach Pro Tour 2021 Season Summary,3953,2021
Kuala Lumpur, Malaysia,Apr 29-May 4,W,9361,Barbora Hermannova,7763,Marketa Slukova,8047,Brooke Sweat,1923,Kerri Walsh Jennings,9100,Karla Borger,8417,Julia Sude,16287,Maria Carro,11614,Paula Soria,Volleyball World Beach Pro Tour 2019 Season Summary,3596,2019
Kuala Lumpur, Malaysia,Apr 30-May 4,M,7998,Alison Cerutti,9344,Alvaro Filho,7831,Theo Brunner,1171,Reid Priddy,11268,Ryan Doherty,1981,John Hyden,9556,Alexander Walkenhorst,15725,Sven Winter,Volleyball World Beach Pro Tour 2019 Season Summary,3595,2019
Giardini Naxos, Italy,Jun 30-Jul 3,M,13751,Bradley Fuller,9436,Sam O'Dea,17316,Davide Benzi,16986,Carlo Bonifazi,20220,Gianluca Dal Corso,16802,Jakob Windisch,16270,Audrius Knasas,17181,Patrikas Stankevicius,Volleyball World Beach Pro Tour 2022 Season Summary,4079,2022
Nantong, China,Jun 7-10,W,16155,Josemari Alves,9923,Liliane Maestrini,15783,Gaia Traballi,13904,Agata Zuccarelli,14447,Phoebe Bell,13714,Jessyka Ngauamo,7402,Takemi Nishibori,9082,Ayumi Shiratori,Volleyball World Beach Pro Tour 2018 Season Summary,3458,2018
Nanjing, China,Jun 14-17,W,16155,Josemari Alves,9923,Liliane Maestrini,11612,Fan Wang,14924,Xinyi Xia,14159,Amanda Lawson,13811,Irene Pollock,14923,Meimei Lin,13682,Lingdi Zhu,Volleyball World Beach Pro Tour 2018 Season Summary,3437,2018
Baden, Austria,Jun 14-17,M,2106,Clemens Doppler,5718,Alexander Horst,13301,Julian Horl,12379,Tobias Winter,13785,Bjarne Huus,14741,Anders Mol,13344,Martin Ermacora,14710,Moritz Pristauz,Volleyball World Beach Pro Tour 2018 Season Summary,3523,2018
Koropove, Ukraine,Sep 3-5,W,17258,Anita Dave,17425,Sofia Starikov,15658,Franziska Friedl,19106,Eva Pfeffer,19530,Anhelina Khmil,19531,Tetiana Lazarenko,20702,Anastasiya Nagorna,20701,Veronika Zhukova,Volleyball World Beach Pro Tour 2021 Season Summary,3942,2021
Cervia, Italy,Sep 9-12,M,17983,Samuele Cottafava,16802,Jakob Windisch,13467,Miles Evans,17820,Troy Field,13629,Jyrki Nurminen,15009,Santeri Siren,15466,Felix Friedl,15826,Maximilian Trummer,Volleyball World Beach Pro Tour 2021 Season Summary,3932,2021
Tuan Chau Island, Vietnam,May 9-12,W,11691,Ksenia Dabizha,14577,Daria Rudykh,6711,Alexandra Moiseeva,12509,Ekaterina Syrtseva,15016,Yui Nagata,17045,Yukako Suzuki,14793,Ioana-Alexandra Ordean,16451,Beata Vaida,Volleyball World Beach Pro Tour 2019 Season Summary,3599,2019
Itapema, Brazil,May 14-19,W,7091,Alix Klineman,7389,April Ross,10798,Melissa Humana-Paredes,14304,Sarah Pavan,9176,Heather Bansley,14956,Brandie Wilkerson,13779,Joy Stubbe,6760,Marleen Van Iersel,Volleyball World Beach Pro Tour 2019 Season Summary,3601,2019
Itapema, Brazil,May 15-19,M,14741,Anders Mol,13274,Christian Sorum,13340,Michal Bryl,8758,Grzegorz Fijalek,13566,Steven van de Velde,9429,Christiaan Varenhorst,10443,Piotr Kantor,10444,Bartosz Losiak,Volleyball World Beach Pro Tour 2019 Season Summary,3600,2019
Giardini Naxos, Italy,Jun 30-Jul 3,W,13903,Margherita Bianchin,17144,Claudia Scampoli,18078,Sarah Cools,18400,Lisa Van Den Vonder,20171,Valentina Cali,20317,Margherita Tega,16191,Eleonora Gili,15434,Reka Orsi Toth,Volleyball World Beach Pro Tour 2022 Season Summary,4080,2022
Gstaad, Switzerland,Jul 6-9,M,12583,Esteban Grimalt,12656,Marco Grimalt,13393,Ondrej Perusic,16538,David Schweiner,13566,Steven van de Velde,9429,Christiaan Varenhorst,14052,Saymon Barbosa,8539,Bruno Schmidt,Volleyball World Beach Pro Tour 2022 Season Summary,3971,2022
Gstaad, Switzerland,Jul 6-10,W,13802,Duda Lisboa,15329,Ana Patricia Silva,5887,Carol Salgado,8022,Barbara Seixas,8395,Mariafe Artacho,10795,Taliqua Clancy,14462,Tina Graudina,14774,Anastasija Samoilova,Volleyball World Beach Pro Tour 2022 Season Summary,3972,2022
Baden, Austria,Jun 14-16,W,9372,Teresa Mersmann,11838,Cinja Tillmann,11650,Lena Plesiutschnig,11649,Katharina Schutzenhofer,16300,Emilie Olimstad,10983,Janne Pedersen,16793,Agnese Caica,13356,Marta Ozolina,Volleyball World Beach Pro Tour 2018 Season Summary,3524,2018
Ostrava, Czech Republic,Jun 20-24,M,7783,Adrian Gavira,2077,Pablo Herrera,10443,Piotr Kantor,10444,Bartosz Losiak,14524,Ilya Leshukov,11053,Konstantin Semenov,13393,Ondrej Perusic,16538,David Schweiner,Volleyball World Beach Pro Tour 2018 Season Summary,3454,2018
Ostrava, Czech Republic,Jun 20-24,W,9361,Barbora Hermannova,7763,Marketa Slukova,9176,Heather Bansley,14956,Brandie Wilkerson,9100,Karla Borger,17317,Margareta Kozuch,10805,Victoria Bieneck,10827,Isabel Schneider,Volleyball World Beach Pro Tour 2018 Season Summary,3455,2018
Cervia, Italy,Sep 9-12,W,19081,Sara Breidenbach,16294,Chiara They,17069,Terese Cannon,16798,Molly Turner,17653,Tjasa Kotnik,16304,Tajda Lovsin,18727,Giada Godenzoni,20869,Giulia Rubini,Volleyball World Beach Pro Tour 2021 Season Summary,3933,2021
Apeldoorn, Netherlands,Sep 9-12,M,19655,Pawel Lewandowski,20527,Jakub Zdybek,18143,Matthew Immers,14713,Ruben Penninga,17499,Bautista Amieva,20605,Tomas Capogrosso,16262,Robin Sowa,19450,Lui Wust,Volleyball World Beach Pro Tour 2021 Season Summary,3949,2021
Aydin, Türkiye,May 16-19,M,13069,Maciej Rudol,7843,Jakub Szalankiewicz,15116,Marco Caminati,11262,Alex Ranghieri,9556,Alexander Walkenhorst,15725,Sven Winter,15089,Jasper Bouter,14713,Ruben Penninga,Volleyball World Beach Pro Tour 2019 Season Summary,3711,2019
Aydin, Türkiye,May 16-19,W,16679,Mariia Bocharova,16130,Maria Voronina,9397,Maryna Hladun,13532,Diana Lunina,16359,Laura Caluori,13745,Dunja Gerson,13757,Sophie Bukovec,14046,Taylor Pischke,Volleyball World Beach Pro Tour 2019 Season Summary,3712,2019
Lecce, Italy,Jul 7-10,M,20220,Gianluca Dal Corso,16802,Jakob Windisch,9444,Sergiy Popov,14271,Eduard Reznik,15012,Kristoffer Abell,16819,Jacob Brinck,17499,Bautista Amieva,14507,Leo Aveiro,Volleyball World Beach Pro Tour 2022 Season Summary,4081,2022
Lecce, Italy,Jul 7-10,W,8951,Miller Pata,16558,Sherysyn Toko,20460,Valentina Gottardi,7849,Marta Menegatti,20977,Maia Najul,15957,Cecilia Peralta,15280,Georgia Johnson,19370,Alisha Stevens,Volleyball World Beach Pro Tour 2022 Season Summary,4082,2022
Espinho, Portugal,Jul 14-17,M,13340,Michal Bryl,10444,Bartosz Losiak,13344,Martin Ermacora,14710,Moritz Pristauz,6770,Aleksandrs Samoilovs,6874,Janis Smedins,10443,Piotr Kantor,13069,Maciej Rudol,Volleyball World Beach Pro Tour 2022 Season Summary,4057,2022
Manavgat, Türkiye,Jun 20-23,M,9594,Oscar Brandao,11120,Luciano Ferreira,15012,Kristoffer Abell,8930,Daniel Thomsen,15820,Jannes van der Ham,8638,Sven Vismans,15404,Alejandro Huerta,14800,Javier Huerta,Volleyball World Beach Pro Tour 2018 Season Summary,3525,2018
Manavgat, Türkiye,Jun 20-23,W,14437,Satono Ishitsubo,18396,Asami Shiba,18078,Sarah Cools,18400,Lisa Van Den Vonder,14669,Merve Nezir,16456,Aleyna Vence,15891,Erika Habaguchi,18189,Yurika Sakaguchi,Volleyball World Beach Pro Tour 2018 Season Summary,3526,2018
Apeldoorn, Netherlands,Sep 9-12,W,18514,Anna-Lena Grune,16916,Sarah Schulz,17208,Esmee Priem,19373,Iris Reinders,18477,Lea Kunst,20467,Nele Schmitt,18586,Wies Bekhuis,18966,Nadine Everaert,Volleyball World Beach Pro Tour 2021 Season Summary,3950,2021
Jinjiang, China,May 22-26,M,14741,Anders Mol,13274,Christian Sorum,11854,Evandro Goncalves,8539,Bruno Schmidt,15355,Andre Loyola,14454,George Wanderley,13699,Tri Bourne,13453,Trevor Crabb,Volleyball World Beach Pro Tour 2019 Season Summary,3642,2019
Espinho, Portugal,Jul 14-17,W,8395,Mariafe Artacho,10795,Taliqua Clancy,16376,Corinne Quiggle,16898,Sarah Schermerhorn,14458,Andressa Cavalcanti,16883,Vitoria De Souza,18513,Sofia Gonzalez,11614,Paula Soria,Volleyball World Beach Pro Tour 2022 Season Summary,4058,2022
Ciro Marina, Italy,Jul 14-17,M,17499,Bautista Amieva,14507,Leo Aveiro,17316,Davide Benzi,16986,Carlo Bonifazi,16354,Issa Batrane,18673,Frederick Bialokoz,19196,Markus Mol,17185,Nils Ringoen,Volleyball World Beach Pro Tour 2022 Season Summary,4083,2022
Sentosa, Singapore,Jun 21-24,M,8081,Peng Gao,10185,Yang Li,16548,Kusti Nolvak,16549,Mart Tiisaar,14509,Mohammad Ashfiya,15022,Candra Rachmawan,11750,Jan Pokersnik,10129,Nejc Zemljak,Volleyball World Beach Pro Tour 2018 Season Summary,3456,2018
Sentosa, Singapore,Jun 21-24,W,16621,Reika Murakami,13075,Chiyo Suzuki,7402,Takemi Nishibori,9082,Ayumi Shiratori,11615,Anna Behlen,13770,Sarah Schneider,12487,Sigrid Simonsson,10993,Tadva Yoken,Volleyball World Beach Pro Tour 2018 Season Summary,3457,2018
Madrid, Spain,Sep 16-19,W,16287,Maria Carro,11614,Paula Soria,17653,Tjasa Kotnik,16304,Tajda Lovsin,19530,Anhelina Khmil,19531,Tetiana Lazarenko,14007,Ida Sinisalo,19512,Sara Sinisalo,Volleyball World Beach Pro Tour 2021 Season Summary,3934,2021
Nijmegen, Netherlands,Sep 16-19,M,13467,Miles Evans,17820,Troy Field,18616,Stefan Boermans,20383,Sam van Der Loo,16820,Joaquin Bello,16932,Luis Javier Bello,13301,Julian Horl,13012,Florian Schnetzer,Volleyball World Beach Pro Tour 2021 Season Summary,3951,2021
Jinjiang, China,May 22-26,W,8047,Brooke Sweat,1923,Kerri Walsh Jennings,8395,Mariafe Artacho,10795,Taliqua Clancy,11610,Rebecca Cavalcanti,15329,Ana Patricia Silva,6641,Agatha Bednarczuk,13802,Duda Lisboa,Volleyball World Beach Pro Tour 2019 Season Summary,3643,2019
Boracay, Philippines,May 23-26,M,17548,Narongdet Kangkon,15652,Banlue Nakprakhong,14279,Yuya Ageba,19083,Nobuaki Taira,18096,Jumpei Ikeda,2119,Katsuhiro Shiratori,16555,Simon Baldauf,15826,Maximilian Trummer,Volleyball World Beach Pro Tour 2019 Season Summary,3602,2019
Boracay, Philippines,May 23-26,W,14437,Satono Ishitsubo,18396,Asami Shiba,10991,Sakurako Fujii,16250,Minori Kumada,15386,Brittany Kendall,15492,Stefanie Weiler,13360,Tjasa Jancar,17653,Tjasa Kotnik,Volleyball World Beach Pro Tour 2019 Season Summary,3603,2019
Ciro Marina, Italy,Jul 14-17,W,18936,Madelyne Anderson,16798,Molly Turner,16448,Heleene Hollas,16449,Liisa Soomets,20171,Valentina Cali,20317,Margherita Tega,18727,Giada Godenzoni,20869,Giulia Rubini,Volleyball World Beach Pro Tour 2022 Season Summary,4084,2022
Daegu, Korea,Jul 15-17,W,17565,Jie Dong,15495,Lvwen Yuan,18662,Kana Motomura,19954,Harumi Sakai,11932,Rumpaipruet Numwong,15944,Charanrutwadee Patcharamainaruebhorn,18178,Miyu Sakamoto,18179,Mayu Sawame,Volleyball World Beach Pro Tour 2022 Season Summary,4124,2022
Agadir, Morocco,Jul 21-24,M,18616,Stefan Boermans,18143,Matthew Immers,14738,Mathias Berntsen,13275,Hendrik Mol,14784,Florian Breer,14651,Marco Krattiger,16902,Paul Burnett,8410,Christopher McHugh,Volleyball World Beach Pro Tour 2022 Season Summary,4059,2022
Warsaw, Poland,Jun 27-Jul 1,M,10443,Piotr Kantor,10444,Bartosz Losiak,9345,Vitor Felipe,11854,Evandro Goncalves,6770,Aleksandrs Samoilovs,6874,Janis Smedins,9129,Alexander Brouwer,9130,Robert Meeuwsen,Volleyball World Beach Pro Tour 2018 Season Summary,3459,2018
Warsaw, Poland,Jun 27-Jul 1,W,9176,Heather Bansley,14956,Brandie Wilkerson,9373,Chantal Laboureur,8417,Julia Sude,6641,Agatha Bednarczuk,13802,Duda Lisboa,14478,Kelly Cheng,6428,Brittany Hochevar,Volleyball World Beach Pro Tour 2018 Season Summary,3460,2018
Nijmegen, Netherlands,Sep 16-19,W,17069,Terese Cannon,14113,Delaney Mewhirter,18514,Anna-Lena Grune,16916,Sarah Schulz,17122,Mara Betschart,18879,Annik Stahli,14682,Aline Chamereau,17884,Clemence Vieira,Volleyball World Beach Pro Tour 2021 Season Summary,3952,2021
Cagliari, Italy,Oct 6-10,M,14741,Anders Mol,13274,Christian Sorum,13393,Ondrej Perusic,16538,David Schweiner,13566,Steven van de Velde,9429,Christiaan Varenhorst,9422,Daniele Lupo,9059,Paolo Nicolai,Volleyball World Beach Pro Tour 2021 Season Summary,3928,2021
Ostrava, Czech Republic,May 29-Jun 2,M,14741,Anders Mol,13274,Christian Sorum,13393,Ondrej Perusic,16538,David Schweiner,13340,Michal Bryl,8758,Grzegorz Fijalek,10745,Viacheslav Krasilnikov,14263,Oleg Stoyanovskiy,Volleyball World Beach Pro Tour 2019 Season Summary,3604,2019
Ostrava, Czech Republic,May 29-Jun 2,W,6641,Agatha Bednarczuk,13802,Duda Lisboa,11610,Rebecca Cavalcanti,15329,Ana Patricia Silva,5292,Sanne Keizer,9485,Madelein Meppelink,8047,Brooke Sweat,1923,Kerri Walsh Jennings,Volleyball World Beach Pro Tour 2019 Season Summary,3605,2019
Nantong, China,May 30-Jun 2,W,19002,Jingzhe Wang,17591,Shuhui Wen,11651,Carolina Horta,5834,Angela Lavalle,11691,Ksenia Dabizha,14577,Daria Rudykh,17374,Aleksandra Gromadowska,13339,Jagoda Gruszczynska,Volleyball World Beach Pro Tour 2019 Season Summary,3639,2019
Agadir, Morocco,Jul 21-24,W,17791,Emma Piersma,17054,Mexime van Driel,9361,Barbora Hermannova,15756,Marie-Sara Stochlova,20460,Valentina Gottardi,7849,Marta Menegatti,14209,Megan McNamara,14208,Nicole McNamara,Volleyball World Beach Pro Tour 2022 Season Summary,4060,2022
Warsaw, Poland,Jul 21-24,M,7844,Michal Kadziola,17751,Marcin Ociepski,19403,Jedrzej Brozyniak,9144,Piotr Janiak,17919,Milosz Kruk,18455,Mikolaj Miszczuk,12438,Robert Juchnevic,10776,Artur Vasiljev,Volleyball World Beach Pro Tour 2022 Season Summary,4085,2022
Warsaw, Poland,Jul 21-24,W,19530,Anhelina Khmil,19531,Tetiana Lazarenko,12452,Katarzyna Kociolek,17583,Marta Lodej,17565,Jie Dong,15495,Lvwen Yuan,13942,Sanna Thurin,13941,Tina Thurin,Volleyball World Beach Pro Tour 2022 Season Summary,4086,2022
Espinho, Portugal,Jul 3-8,M,6770,Aleksandrs Samoilovs,6874,Janis Smedins,11727,Guto Carvalhaes,525,Ricardo Santos,15563,Julius Thole,13767,Clemens Wickler,9345,Vitor Felipe,11854,Evandro Goncalves,Volleyball World Beach Pro Tour 2018 Season Summary,3463,2018
Espinho, Portugal,Jul 3-7,W,8395,Mariafe Artacho,10795,Taliqua Clancy,8003,Maria Antonelli,5887,Carol Salgado,13154,Sara Hughes,9309,Summer Ross,12452,Katarzyna Kociolek,8220,Kinga Wojtasik,Volleyball World Beach Pro Tour 2018 Season Summary,3464,2018
Cagliari, Italy,Oct 6-10,W,9100,Karla Borger,8417,Julia Sude,10798,Melissa Humana-Paredes,14304,Sarah Pavan,7091,Alix Klineman,7389,April Ross,15000,Svetlana Kholomina,13715,Nadezda Makroguzova,Volleyball World Beach Pro Tour 2021 Season Summary,3929,2021
Itapema, Brazil,Nov 10-14,M,15355,Andre Loyola,14454,George Wanderley,9345,Vitor Felipe,16878,Renato Lima,11730,Christoph Dressler,6836,Alexander Huber,9422,Daniele Lupo,11262,Alex Ranghieri,Volleyball World Beach Pro Tour 2021 Season Summary,3954,2021
Nanjing, China,Jun 5-9,W,19002,Jingzhe Wang,17591,Shuhui Wen,11651,Carolina Horta,5834,Angela Lavalle,18189,Yurika Sakaguchi,13075,Chiyo Suzuki,15783,Gaia Traballi,13904,Agata Zuccarelli,Volleyball World Beach Pro Tour 2019 Season Summary,3638,2019
Baden, Austria,Jun 6-10,M,2106,Clemens Doppler,5718,Alexander Horst,14261,Maxim Sivolap,14264,Artem Yarzutkin,15404,Alejandro Huerta,10401,Cesar Menendez,11730,Christoph Dressler,6836,Alexander Huber,Volleyball World Beach Pro Tour 2019 Season Summary,3689,2019
Baden, Austria,Jun 7-9,W,11650,Lena Plesiutschnig,11649,Katharina Schutzenhofer,16917,Katja Stam,14716,Julia Wouters,13351,Nadine Strauss,13352,Teresa Strauss,18078,Sarah Cools,18400,Lisa Van Den Vonder,Volleyball World Beach Pro Tour 2019 Season Summary,3690,2019
Leuven, Belgium,Jul 21-24,M,17499,Bautista Amieva,14507,Leo Aveiro,20455,Philipp Huster,19549,Benedikt Sagstetter,14999,Denys Denysenko,11533,Vladyslav Iemelianchyk,20348,Liam Patte,15406,Timothee Platre,Volleyball World Beach Pro Tour 2022 Season Summary,4093,2022
Leuven, Belgium,Jul 21-24,W,14923,Meimei Lin,14924,Xinyi Xia,8506,Valentyna Davidova,13532,Diana Lunina,18586,Wies Bekhuis,19525,Brecht Piersma,19391,Anna Pospisilova,10974,Martina Williams,Volleyball World Beach Pro Tour 2022 Season Summary,4094,2022
Ljubljana, Slovenia,Jul 28-31,M,17499,Bautista Amieva,14507,Leo Aveiro,19699,Gilles Vandecaveye,13389,Louis Vandecaveye,14389,Thomas Hodges,14444,Zachery Schubert,13763,Djordje Klasnic,15915,Lazar Kolaric,Volleyball World Beach Pro Tour 2022 Season Summary,4010,2022
Anapa, Russia,Jul 4-8,W,15000,Svetlana Kholomina,13715,Nadezda Makroguzova,14717,Daria Mastikova,18605,Anastasia Petrunina,8994,Ekaterina Birlova,7757,Evgenia Ukolova,11303,Yulia Abalakina,11691,Ksenia Dabizha,Volleyball World Beach Pro Tour 2018 Season Summary,3528,2018
Itapema, Brazil,Nov 10-14,W,6641,Agatha Bednarczuk,13802,Duda Lisboa,18268,Hegeile Almeida,6751,Taiana Lima,17069,Terese Cannon,13154,Sara Hughes,15283,Victoria Lopes,14460,Taina Silva,Volleyball World Beach Pro Tour 2021 Season Summary,3955,2021
Warsaw, Poland,Jun 11-16,M,11854,Evandro Goncalves,8539,Bruno Schmidt,14741,Anders Mol,13274,Christian Sorum,14524,Ilya Leshukov,11053,Konstantin Semenov,10745,Viacheslav Krasilnikov,14263,Oleg Stoyanovskiy,Volleyball World Beach Pro Tour 2019 Season Summary,3609,2019
Warsaw, Poland,Jun 11-15,W,8395,Mariafe Artacho,10795,Taliqua Clancy,15139,Kelley Kolinske,10583,Emily Stockman,6641,Agatha Bednarczuk,13802,Duda Lisboa,8003,Maria Antonelli,5887,Carol Salgado,Volleyball World Beach Pro Tour 2019 Season Summary,3610,2019
Ljubljana, Slovenia,Jul 28-31,W,11612,Fan Wang,13682,Lingdi Zhu,17653,Tjasa Kotnik,20341,Maja Marolt,14923,Meimei Lin,14924,Xinyi Xia,15280,Georgia Johnson,19370,Alisha Stevens,Volleyball World Beach Pro Tour 2022 Season Summary,4011,2022
Myslowice, Poland,Jul 28-31,M,16270,Audrius Knasas,17181,Patrikas Stankevicius,18903,Mateusz Florczyk,7843,Jakub Szalankiewicz,19655,Pawel Lewandowski,20527,Jakub Zdybek,15734,Moritz Kindl,17355,Mathias Seiser,Volleyball World Beach Pro Tour 2022 Season Summary,4095,2022
Porec, Croatia,Jul 4-8,M,11533,Vladyslav Iemelianchyk,9444,Sergiy Popov,9809,Simon Fruhbauer,9549,Jorg Wutzl,11711,Haralds Regza,6875,Toms Smedins,16268,Mihails Samoilovs,16267,Kristaps Smits,Volleyball World Beach Pro Tour 2018 Season Summary,3541,2018
Anapa, Russia,Jul 5-8,M,14350,Likejiang Ha,13343,Jiaxin Wu,13018,Zhuoxin Li,15470,Chaowei Zhou,8081,Peng Gao,10185,Yang Li,14266,Ivan Golovin,15487,Taras Myskiv,Volleyball World Beach Pro Tour 2018 Season Summary,3527,2018
Porec, Croatia,Jul 5-8,W,18607,Emily Sonny,16631,Torrey Van Winden,11813,Inna Makhno,11602,Iryna Makhno,14669,Merve Nezir,16456,Aleyna Vence,15394,Dimitra Manavi,16865,Konstantina Tsopoulou,Volleyball World Beach Pro Tour 2018 Season Summary,3542,2018
Ios, Greece,Jun 14-16,M,16163,Florian Gosselin,18144,Jeremy Silvestre,14261,Maxim Sivolap,14264,Artem Yarzutkin,9096,Filip Habr,11785,David Lenc,15466,Felix Friedl,15826,Maximilian Trummer,Volleyball World Beach Pro Tour 2019 Season Summary,3713,2019
Ios, Greece,Jun 14-16,W,15394,Dimitra Manavi,16865,Konstantina Tsopoulou,14793,Ioana-Alexandra Ordean,16451,Beata Vaida,16712,Ellie Austin,15428,Anaya Evans,7298,Camilla Nilsson,7916,Sofia Ogren,Volleyball World Beach Pro Tour 2019 Season Summary,3714,2019
Myslowice, Poland,Jul 28-31,W,8506,Valentyna Davidova,13532,Diana Lunina,12452,Katarzyna Kociolek,17583,Marta Lodej,18586,Wies Bekhuis,19525,Brecht Piersma,15010,Xinxin Wang,17570,Jinjin Zeng,Volleyball World Beach Pro Tour 2022 Season Summary,4096,2022
Hamburg, Germany,Aug 10-14,M,13340,Michal Bryl,10444,Bartosz Losiak,9129,Alexander Brouwer,9130,Robert Meeuwsen,17592,Nils Ehlers,13767,Clemens Wickler,18616,Stefan Boermans,18143,Matthew Immers,Volleyball World Beach Pro Tour 2022 Season Summary,3991,2022
Gstaad, Switzerland,Jul 9-14,M,14741,Anders Mol,13274,Christian Sorum,7783,Adrian Gavira,2077,Pablo Herrera,9422,Daniele Lupo,9059,Paolo Nicolai,13454,Taylor Crabb,190,Jake Gibb,Volleyball World Beach Pro Tour 2018 Season Summary,3465,2018
Gstaad, Switzerland,Jul 9-15,W,10798,Melissa Humana-Paredes,14304,Sarah Pavan,9373,Chantal Laboureur,8417,Julia Sude,9176,Heather Bansley,14956,Brandie Wilkerson,6641,Agatha Bednarczuk,13802,Duda Lisboa,Volleyball World Beach Pro Tour 2018 Season Summary,3466,2018
Daegu, Korea,Jul 13-15,W,14447,Phoebe Bell,13714,Jessyka Ngauamo,13125,Anja Dorfler,16988,Stephanie Wiesmeyr,11249,Nai-Han Kou,12690,Pi Hsin Liu,17426,Noy Chorin,17258,Anita Dave,Volleyball World Beach Pro Tour 2018 Season Summary,3467,2018
Hamburg, Germany,Jun 28-Jul 7,M,10745,Viacheslav Krasilnikov,14263,Oleg Stoyanovskiy,15563,Julius Thole,13767,Clemens Wickler,14741,Anders Mol,13274,Christian Sorum,13699,Tri Bourne,13453,Trevor Crabb,Volleyball World Beach Pro Tour 2019 Season Summary,3613,2019
Hamburg, Germany,Jun 28-Jul 6,W,10798,Melissa Humana-Paredes,14304,Sarah Pavan,7091,Alix Klineman,7389,April Ross,8395,Mariafe Artacho,10795,Taliqua Clancy,13151,Nina Brunner,11625,Tanja Huberli,Volleyball World Beach Pro Tour 2019 Season Summary,3614,2019
Qidong, China,Jul 4-7,M,11730,Christoph Dressler,6836,Alexander Huber,9338,Peter Eglseer,13012,Florian Schnetzer,15651,Surin Jongklang,17547,Adisorn Khaolumtarn,14261,Maxim Sivolap,14264,Artem Yarzutkin,Volleyball World Beach Pro Tour 2019 Season Summary,3615,2019
Hamburg, Germany,Aug 10-14,W,14478,Kelly Cheng,12974,Betsi Flint,13151,Nina Brunner,11625,Tanja Huberli,9100,Karla Borger,8417,Julia Sude,5887,Carol Salgado,8022,Barbara Seixas,Volleyball World Beach Pro Tour 2022 Season Summary,3992,2022
Budapest, Hungary,Aug 11-14,M,16270,Audrius Knasas,17181,Patrikas Stankevicius,14999,Denys Denysenko,11533,Vladyslav Iemelianchyk,19403,Jedrzej Brozyniak,9144,Piotr Janiak,20572,Krystof Oliva,18816,Tadeas Trousil,Volleyball World Beach Pro Tour 2022 Season Summary,4087,2022
Haiyang, China,Jul 17-22,M,10527,Robin Seidl,13876,Philipp Waller,8000,Thiago Barbosa,14454,George Wanderley,14350,Likejiang Ha,13343,Jiaxin Wu,11120,Luciano Ferreira,9344,Alvaro Filho,Volleyball World Beach Pro Tour 2018 Season Summary,3539,2018
Qidong, China,Jul 4-7,W,19002,Jingzhe Wang,17591,Shuhui Wen,9360,Michala Frank,12388,Michaela Kubickova,18189,Yurika Sakaguchi,13075,Chiyo Suzuki,11249,Nai-Han Kou,12690,Pi Hsin Liu,Volleyball World Beach Pro Tour 2019 Season Summary,3616,2019
Gstaad, Switzerland,Jul 8-13,M,14741,Anders Mol,13274,Christian Sorum,9129,Alexander Brouwer,9130,Robert Meeuwsen,11854,Evandro Goncalves,8539,Bruno Schmidt,9422,Daniele Lupo,9059,Paolo Nicolai,Volleyball World Beach Pro Tour 2019 Season Summary,3617,2019
Budapest, Hungary,Aug 11-14,W,15010,Xinxin Wang,17570,Jinjin Zeng,14923,Meimei Lin,14924,Xinyi Xia,15658,Franziska Friedl,16282,Katharina Holzer,18540,Michaela Brinkova,9360,Michala Frank,Volleyball World Beach Pro Tour 2022 Season Summary,4088,2022
Cortegaça, Portugal,Aug 11-14,M,20454,Calvin Aye,17129,Quincy Aye,17921,Hugo Campos,16860,Joao Pedrosa,16820,Joaquin Bello,16932,Luis Javier Bello,20455,Philipp Huster,18436,Simon Pfretzschner,Volleyball World Beach Pro Tour 2022 Season Summary,4089,2022
Cortegaça, Portugal,Aug 11-14,W,17565,Jie Dong,15495,Lvwen Yuan,21275,Melanie Paul,20467,Nele Schmitt,19252,Miroslava Dunarova,16594,Daniela Resova,21234,Liva Ebere,17941,Anete Namike,Volleyball World Beach Pro Tour 2022 Season Summary,4090,2022
Haiyang, China,Jul 17-22,W,8458,Emily Capers,12974,Betsi Flint,13770,Sarah Schneider,11838,Cinja Tillmann,8129,Caitlin Ledoux,14959,Sarah Sponcil,15139,Kelley Kolinske,10583,Emily Stockman,Volleyball World Beach Pro Tour 2018 Season Summary,3540,2018
Ulsan, Korea,Jul 19-22,W,11249,Nai-Han Kou,12690,Pi Hsin Liu,17046,Kaho Sakaguchi,17045,Yukako Suzuki,10991,Sakurako Fujii,5413,Shinako Tanaka,10381,Miyuki Matsumura,14562,Samaa Miyagawa,Volleyball World Beach Pro Tour 2018 Season Summary,3468,2018
Gstaad, Switzerland,Jul 8-14,W,7091,Alix Klineman,7389,April Ross,8003,Maria Antonelli,5887,Carol Salgado,11610,Rebecca Cavalcanti,15329,Ana Patricia Silva,13151,Nina Brunner,11625,Tanja Huberli,Volleyball World Beach Pro Tour 2019 Season Summary,3618,2019
Daegu, Korea,Jul 11-14,W,6711,Alexandra Moiseeva,12509,Ekaterina Syrtseva,16621,Reika Murakami,17046,Kaho Sakaguchi,17365,Dhita Juliana,17366,Putu Utami,15095,Eva Freiberger,13030,Valerie Teufl,Volleyball World Beach Pro Tour 2019 Season Summary,3619,2019
Baden, Austria,Aug 24-27,W,11813,Inna Makhno,11602,Iryna Makhno,15010,Xinxin Wang,17570,Jinjin Zeng,17810,Chenoa Christ,18514,Anna-Lena Grune,14923,Meimei Lin,13682,Lingdi Zhu,Volleyball World Beach Pro Tour 2022 Season Summary,4013,2022
Montpellier, France,Aug 24-28,M,14408,Peter Hernandez,18545,Hernan Tovar,19774,Arthur Canet,19775,Teo Rotar,14800,Javier Huerta,15403,Oscar Jimenez,17185,Nils Ringoen,19455,Jo Gladsoy Sunde,Volleyball World Beach Pro Tour 2022 Season Summary,4097,2022
Baden, Austria,Aug 25-28,M,13301,Julian Horl,5718,Alexander Horst,10527,Robin Seidl,13876,Philipp Waller,17148,Laurenz Leitner,16874,Paul Pascariuc,11730,Christoph Dressler,6836,Alexander Huber,Volleyball World Beach Pro Tour 2022 Season Summary,4012,2022
Tokyo, Japan,Jul 25-29,M,12583,Esteban Grimalt,12656,Marco Grimalt,10658,Stefan Basta,15915,Lazar Kolaric,5327,Casey Patterson,10939,Stafford Slick,10764,Philipp Bergmann,16355,Yannick Harms,Volleyball World Beach Pro Tour 2018 Season Summary,3471,2018
Alba Adriatica, Italy,Jul 12-14,W,16919,Raisa Schoon,16918,Emi van Driel,15783,Gaia Traballi,13904,Agata Zuccarelli,16917,Katja Stam,14716,Julia Wouters,17576,Arianna Barboni,14804,Federica Frasca,Volleyball World Beach Pro Tour 2019 Season Summary,3715,2019
Warsaw, Poland,Sep 1-4,M,19196,Markus Mol,19455,Jo Gladsoy Sunde,12438,Robert Juchnevic,10776,Artur Vasiljev,7844,Michal Kadziola,18804,Michal Korycki,19910,Kevin Cuzmiciov,18866,River Day,Volleyball World Beach Pro Tour 2022 Season Summary,4099,2022
Paris, France,Sep 28-Oct 2,M,14741,Anders Mol,13274,Christian Sorum,9129,Alexander Brouwer,9130,Robert Meeuwsen,17983,Samuele Cottafava,9059,Paolo Nicolai,12583,Esteban Grimalt,12656,Marco Grimalt,Volleyball World Beach Pro Tour 2022 Season Summary,3993,2022
Tokyo, Japan,Jul 25-29,W,9372,Teresa Mersmann,11838,Cinja Tillmann,7914,Taru Lahti,13428,Anniina Parkkinen,16036,Miki Ishii,13080,Megumi Murakami,15024,Ingrid Lunde,12445,Oda Ulveseth,Volleyball World Beach Pro Tour 2018 Season Summary,3472,2018
Agadir, Morocco,Jul 26-29,M,10787,Ruslan Bykanov,13027,Maksim Hudyakov,11730,Christoph Dressler,6836,Alexander Huber,13573,Julian Azaad,15252,Nicolas Capogrosso,14472,Lukas Kazdailis,13422,Arnas Rumsevicius,Volleyball World Beach Pro Tour 2018 Season Summary,3469,2018
Espinho, Portugal,Jul 16-20,W,15000,Svetlana Kholomina,13715,Nadezda Makroguzova,14478,Kelly Cheng,14959,Sarah Sponcil,11610,Rebecca Cavalcanti,15329,Ana Patricia Silva,6641,Agatha Bednarczuk,13802,Duda Lisboa,Volleyball World Beach Pro Tour 2019 Season Summary,3621,2019
Espinho, Portugal,Jul 17-21,M,7998,Alison Cerutti,9344,Alvaro Filho,15355,Andre Loyola,14454,George Wanderley,6769,Martins Plavins,12433,Edgars Tocs,12583,Esteban Grimalt,12656,Marco Grimalt,Volleyball World Beach Pro Tour 2019 Season Summary,3620,2019
Paris, France,Sep 28-Oct 2,W,16919,Raisa Schoon,16917,Katja Stam,14462,Tina Graudina,14774,Anastasija Samoilova,13802,Duda Lisboa,15329,Ana Patricia Silva,14478,Kelly Cheng,12974,Betsi Flint,Volleyball World Beach Pro Tour 2022 Season Summary,3994,2022
Sun Island, Maldives,Oct 13-16,M,15097,Cherif Samba,15096,Ahmed Tijan,13452,Chase Budinger,17820,Troy Field,17928,David Ahman,18278,Jonatan Hellvig,9444,Sergiy Popov,14271,Eduard Reznik,Volleyball World Beach Pro Tour 2022 Season Summary,3995,2022
Agadir, Morocco,Jul 26-29,W,7849,Marta Menegatti,11826,Viktoria Orsi Toth,8191,Sarka Nakladalova,10974,Martina Williams,12435,Alise Lece,9378,Ilze Liepinlauska,16166,Alice Gradini,17144,Claudia Scampoli,Volleyball World Beach Pro Tour 2018 Season Summary,3470,2018
Samsun, Türkiye,Jul 26-29,M,13871,Donovan Dzavoronok,6246,Jindrich Weiss,14320,Marcel Myslivecek,14037,Martin Pihera,18616,Stefan Boermans,18617,Casper Haanappel,9338,Peter Eglseer,10722,Thomas Kunert,Volleyball World Beach Pro Tour 2018 Season Summary,3473,2018
Samsun, Türkiye,Jul 26-29,W,17754,Carolina Ferraris,17259,Francesca Michieletto,15095,Eva Freiberger,13030,Valerie Teufl,7298,Camilla Nilsson,7916,Sofia Ogren,14698,Nicole Dostalova,14767,Anna Komarkova,Volleyball World Beach Pro Tour 2018 Season Summary,3474,2018
Edmonton, Canada,Jul 17-21,M,14338,Nico Beeler,14651,Marco Krattiger,11725,Grant O'Gorman,7080,Ben Saxton,6042,Billy Allen,10939,Stafford Slick,15116,Marco Caminati,11262,Alex Ranghieri,Volleyball World Beach Pro Tour 2019 Season Summary,3622,2019
Edmonton, Canada,Jul 17-21,W,10798,Melissa Humana-Paredes,14304,Sarah Pavan,8458,Emily Capers,12974,Betsi Flint,17139,Azusa Futami,16035,Akiko Hasegawa,11836,Nicole Laird,7920,Becchara Palmer,Volleyball World Beach Pro Tour 2019 Season Summary,3623,2019
Tokyo, Japan,Jul 24-28,M,14741,Anders Mol,13274,Christian Sorum,17592,Nils Ehlers,10953,Lars Fluggen,9129,Alexander Brouwer,9130,Robert Meeuwsen,7998,Alison Cerutti,9344,Alvaro Filho,Volleyball World Beach Pro Tour 2019 Season Summary,3625,2019
Sun Island, Maldives,Oct 13-16,W,14008,Niina Ahtiainen,7914,Taru Lahti,11650,Lena Plesiutschnig,11649,Katharina Schutzenhofer,13428,Anniina Parkkinen,19512,Sara Sinisalo,18522,Megan Kraft,10583,Emily Stockman,Volleyball World Beach Pro Tour 2022 Season Summary,3996,2022
Dubai, United Arab Emirates,Oct 22-25,M,18352,Andy Benesh,17561,Miles Partain,9444,Sergiy Popov,14271,Eduard Reznik,15323,Arthur Mariano,6767,Pedro Solberg,16101,Evan Cory,16472,Logan Webber,Volleyball World Beach Pro Tour 2022 Season Summary,4127,2022
Vienna, Austria,Jul 31-Aug 5,M,14741,Anders Mol,13274,Christian Sorum,13340,Michal Bryl,8758,Grzegorz Fijalek,15097,Cherif Samba,15096,Ahmed Tijan,9129,Alexander Brouwer,9130,Robert Meeuwsen,Volleyball World Beach Pro Tour 2018 Season Summary,3475,2018
Vienna, Austria,Jul 31-Aug 4,W,9361,Barbora Hermannova,7763,Marketa Slukova,14583,Fernanda Alves,8022,Barbara Seixas,5292,Sanne Keizer,9485,Madelein Meppelink,8003,Maria Antonelli,5887,Carol Salgado,Volleyball World Beach Pro Tour 2018 Season Summary,3476,2018
Tokyo, Japan,Jul 24-28,W,6641,Agatha Bednarczuk,13802,Duda Lisboa,7091,Alix Klineman,7389,April Ross,9176,Heather Bansley,14956,Brandie Wilkerson,9100,Karla Borger,8417,Julia Sude,Volleyball World Beach Pro Tour 2019 Season Summary,3626,2019
Pinarella di Cervia, Italy,Jul 25-28,M,13027,Maksim Hudyakov,13720,Igor Velichko,13346,Florian Ertl,14711,Johannes Kratz,14261,Maxim Sivolap,14264,Artem Yarzutkin,7289,Grant Goldschmidt,11155,Leo Williams,Volleyball World Beach Pro Tour 2019 Season Summary,3716,2019
Vienna, Austria,Jul 30-Aug 4,M,14741,Anders Mol,13274,Christian Sorum,7998,Alison Cerutti,9344,Alvaro Filho,13340,Michal Bryl,8758,Grzegorz Fijalek,5214,Phil Dalhausser,1931,Nick Lucena,Volleyball World Beach Pro Tour 2019 Season Summary,3627,2019
Dubai, United Arab Emirates,Oct 22-25,W,9361,Barbora Hermannova,15756,Marie-Sara Stochlova,14923,Meimei Lin,14924,Xinyi Xia,15598,Katie Horton,19577,Julia Scoles,18155,Worapeerachayakorn Kongphopsarutawadee,13873,Taravadee Naraphornrapat,Volleyball World Beach Pro Tour 2022 Season Summary,4128,2022
Dubai, United Arab Emirates,Oct 27-30,M,17928,David Ahman,18278,Jonatan Hellvig,15252,Nicolas Capogrosso,20605,Tomas Capogrosso,13454,Taylor Crabb,17443,Paul Lotman,18720,Leo Dillier,14650,Adrian Heidrich,Volleyball World Beach Pro Tour 2022 Season Summary,4129,2022
Dubai, United Arab Emirates,Oct 27-30,W,10827,Isabel Schneider,8417,Julia Sude,18936,Madelyne Anderson,16798,Molly Turner,18155,Worapeerachayakorn Kongphopsarutawadee,13873,Taravadee Naraphornrapat,15598,Katie Horton,19577,Julia Scoles,Volleyball World Beach Pro Tour 2022 Season Summary,4130,2022
Ljubljana, Slovenia,Aug 3-5,M,15487,Taras Myskiv,9443,Valeriy Samoday,11750,Jan Pokersnik,10129,Nejc Zemljak,14784,Florian Breer,14785,Yves Haussener,17032,Tadej Bozenk,11749,Danijel Pokersnik,Volleyball World Beach Pro Tour 2018 Season Summary,3529,2018
Ljubljana, Slovenia,Aug 3-5,W,16241,Esmee Bobner,16243,Zoe Verge-Depre,11813,Inna Makhno,11602,Iryna Makhno,17618,Jelena Pesic,17617,Ana Skarlovnik,18100,Agata Ceynowa,15439,Martyna Kloda,Volleyball World Beach Pro Tour 2018 Season Summary,3530,2018
Vienna, Austria,Jul 30-Aug 4,W,10798,Melissa Humana-Paredes,14304,Sarah Pavan,8003,Maria Antonelli,5887,Carol Salgado,6641,Agatha Bednarczuk,13802,Duda Lisboa,5146,Talita Antunes,6751,Taiana Lima,Volleyball World Beach Pro Tour 2019 Season Summary,3628,2019
Malbork, Poland,Aug 1-4,M,7844,Michal Kadziola,17751,Marcin Ociepski,16270,Audrius Knasas,17181,Patrikas Stankevicius,18455,Mikolaj Miszczuk,6959,Mariusz Prudel,16787,Martin Chiniewicz,18804,Michal Korycki,Volleyball World Beach Pro Tour 2019 Season Summary,3686,2019
Sohar, Oman,Nov 1-4,M,14350,Likejiang Ha,13343,Jiaxin Wu,17508,Hood Al Jalaboubi,18133,Mazin Alhashmi,20297,Kristians Fokerots,12433,Edgars Tocs,8231,Jan Dumek,17151,Jiri Sedlak,Volleyball World Beach Pro Tour 2022 Season Summary,4131,2022
Cape Town, South Africa,Nov 2-6,M,14741,Anders Mol,13274,Christian Sorum,17928,David Ahman,18278,Jonatan Hellvig,15097,Cherif Samba,15096,Ahmed Tijan,10527,Robin Seidl,13876,Philipp Waller,Volleyball World Beach Pro Tour 2022 Season Summary,3963,2022
Moscow, Russia,Aug 8-12,M,6770,Aleksandrs Samoilovs,6874,Janis Smedins,7998,Alison Cerutti,15355,Andre Loyola,14263,Oleg Stoyanovskiy,13720,Igor Velichko,9345,Vitor Felipe,11854,Evandro Goncalves,Volleyball World Beach Pro Tour 2018 Season Summary,3479,2018
Moscow, Russia,Aug 8-12,W,13154,Sara Hughes,9309,Summer Ross,6641,Agatha Bednarczuk,13802,Duda Lisboa,13151,Nina Brunner,11625,Tanja Huberli,9373,Chantal Laboureur,8417,Julia Sude,Volleyball World Beach Pro Tour 2018 Season Summary,3480,2018
Ljubljana, Slovenia,Aug 1-4,M,17032,Tadej Bozenk,17764,Vid Jakopin,11750,Jan Pokersnik,10129,Nejc Zemljak,15413,Mees Blom,17881,Yorick de Groot,13346,Florian Ertl,14711,Johannes Kratz,Volleyball World Beach Pro Tour 2019 Season Summary,3691,2019
Ljubljana, Slovenia,Aug 1-4,W,11813,Inna Makhno,11602,Iryna Makhno,13279,Victoria Kjolberg,10836,Ane Tveit Hjortland,16917,Katja Stam,14716,Julia Wouters,16621,Reika Murakami,17046,Kaho Sakaguchi,Volleyball World Beach Pro Tour 2019 Season Summary,3692,2019
Cape Town, South Africa,Nov 3-6,W,5146,Talita Antunes,18464,Thamela Coradelli,17069,Terese Cannon,14959,Sarah Sponcil,13802,Duda Lisboa,15329,Ana Patricia Silva,15613,Lezana Placette,15656,Alexia Richard,Volleyball World Beach Pro Tour 2022 Season Summary,3964,2022
Uberlandia, Brazil,Nov 9-13,M,15355,Andre Loyola,14454,George Wanderley,15323,Arthur Mariano,6767,Pedro Solberg,14741,Anders Mol,13274,Christian Sorum,9345,Vitor Felipe,16878,Renato Lima,Volleyball World Beach Pro Tour 2022 Season Summary,3959,2022
Vaduz, Liechtenstein,Aug 8-11,W,8579,Lara Dykstra,15673,Allie Wheeler,18100,Agata Ceynowa,15439,Martyna Kloda,15394,Dimitra Manavi,16865,Konstantina Tsopoulou,16241,Esmee Bobner,16243,Zoe Verge-Depre,Volleyball World Beach Pro Tour 2018 Season Summary,3532,2018
Vaduz, Liechtenstein,Aug 9-12,M,15487,Taras Myskiv,9443,Valeriy Samoday,14784,Florian Breer,14785,Yves Haussener,11533,Vladyslav Iemelianchyk,9444,Sergiy Popov,13891,Mateusz Lysikowski,14418,Mateusz Paszkowski,Volleyball World Beach Pro Tour 2018 Season Summary,3531,2018
Hamburg, Germany,Aug 15-18,M,14741,Anders Mol,13274,Christian Sorum,13340,Michal Bryl,8758,Grzegorz Fijalek,10443,Piotr Kantor,10444,Bartosz Losiak,15563,Julius Thole,13767,Clemens Wickler,Volleyball World Beach Pro Tour 2018 Season Summary,3481,2018
Vaduz, Liechtenstein,Aug 7-11,M,15734,Moritz Kindl,17355,Mathias Seiser,19110,Anton Kislytsyn,10968,Daniil Kuvichka,15089,Jasper Bouter,14713,Ruben Penninga,13346,Florian Ertl,14711,Johannes Kratz,Volleyball World Beach Pro Tour 2019 Season Summary,3693,2019
Vaduz, Liechtenstein,Aug 7-11,W,17791,Emma Piersma,17260,Pleun Ypma,16621,Reika Murakami,17046,Kaho Sakaguchi,17318,Suzuka Hashimoto,10212,Sayaka Mizoe,16917,Katja Stam,14716,Julia Wouters,Volleyball World Beach Pro Tour 2019 Season Summary,3694,2019
Miguel Pereira, Brazil,Aug 8-11,M,18266,Rafael Lima,16878,Renato Lima,16584,Adrielson Dos Santos,15323,Arthur Mariano,7508,Hevaldo Moreira,15356,Vinicius Rezende,16084,Leonardo Gomes,10960,Joalisson Laurindo,Volleyball World Beach Pro Tour 2019 Season Summary,3611,2019
Uberlandia, Brazil,Nov 10-13,W,13802,Duda Lisboa,15329,Ana Patricia Silva,14458,Andressa Cavalcanti,16883,Vitoria De Souza,5887,Carol Salgado,8022,Barbara Seixas,18268,Hegeile Almeida,6751,Taiana Lima,Volleyball World Beach Pro Tour 2022 Season Summary,3960,2022
Torquay, Australia,Nov 23-27,M,9422,Daniele Lupo,14706,Enrico Rossi,8338,Adrian Carambula,11262,Alex Ranghieri,16902,Paul Burnett,8410,Christopher McHugh,17921,Hugo Campos,16860,Joao Pedrosa,Volleyball World Beach Pro Tour 2022 Season Summary,3979,2022
Torquay, Australia,Nov 23-27,W,14478,Kelly Cheng,13154,Sara Hughes,17565,Jie Dong,15495,Lvwen Yuan,14923,Meimei Lin,14924,Xinyi Xia,18522,Megan Kraft,10583,Emily Stockman,Volleyball World Beach Pro Tour 2022 Season Summary,3980,2022
Hamburg, Germany,Aug 15-19,W,6641,Agatha Bednarczuk,13802,Duda Lisboa,9361,Barbora Hermannova,7763,Marketa Slukova,8395,Mariafe Artacho,10795,Taliqua Clancy,8003,Maria Antonelli,5887,Carol Salgado,Volleyball World Beach Pro Tour 2018 Season Summary,3482,2018
Miguel Pereira, Brazil,Aug 8-11,W,14458,Andressa Cavalcanti,18275,Diana Silva,16883,Vitoria De Souza,5147,Vanilda Leao,16155,Josemari Alves,5835,Juliana Felisberta,5885,Izabel Amaral,18274,Aline Lebioda,Volleyball World Beach Pro Tour 2019 Season Summary,3612,2019
Budapest, Hungary,Aug 8-11,M,17983,Samuele Cottafava,16802,Jakob Windisch,13940,Daniel Bergerud,11752,Lars Retterholt,11711,Haralds Regza,6875,Toms Smedins,17110,Masato Kurasaka,16034,Kensuke Shoji,Volleyball World Beach Pro Tour 2019 Season Summary,3724,2019
Torquay, Australia,Nov 29-Dec 3,M,15475,Arnaud Gauthier-Rat,15029,Youssef Krou,14389,Thomas Hodges,14444,Zachery Schubert,8338,Adrian Carambula,11262,Alex Ranghieri,13467,Miles Evans,17443,Paul Lotman,Volleyball World Beach Pro Tour 2022 Season Summary,3981,2022
Torquay, Australia,Nov 29-Dec 3,W,14478,Kelly Cheng,13154,Sara Hughes,12974,Betsi Flint,19577,Julia Scoles,8395,Mariafe Artacho,10795,Taliqua Clancy,20804,Taryn Kloth,17607,Kristen Nuss,Volleyball World Beach Pro Tour 2022 Season Summary,3982,2022
Budapest, Hungary,Aug 8-11,W,18189,Yurika Sakaguchi,13075,Chiyo Suzuki,14717,Daria Mastikova,17126,Polina Tsyganova,16919,Raisa Schoon,16918,Emi van Driel,18330,Francesca Kirwan,14465,Olivia MacDonald,Volleyball World Beach Pro Tour 2019 Season Summary,3725,2019
Moscow, Russia,Aug 14-18,M,6770,Aleksandrs Samoilovs,6874,Janis Smedins,7998,Alison Cerutti,9344,Alvaro Filho,15563,Julius Thole,13767,Clemens Wickler,14052,Saymon Barbosa,11727,Guto Carvalhaes,Volleyball World Beach Pro Tour 2019 Season Summary,3629,2019
Moscow, Russia,Aug 14-18,W,10716,Joana Mader,10813,Anouk Verge-Depre,5146,Talita Antunes,6751,Taiana Lima,8047,Brooke Sweat,1923,Kerri Walsh Jennings,9100,Karla Borger,8417,Julia Sude,Volleyball World Beach Pro Tour 2019 Season Summary,3630,2019
Subic Bay, Philippines,Dec 8-11,M,19184,Poravid Taovato,21155,Pithak Tipjan,18166,Dunwinit Kaewsai,13843,Intuch Techakijvorakul,6769,Martins Plavins,16268,Mihails Samoilovs,15651,Surin Jongklang,15652,Banlue Nakprakhong,Volleyball World Beach Pro Tour 2022 Season Summary,4014,2022
Subic Bay, Philippines,Dec 8-11,W,21988,Jovelyn Gonzaga,18252,Cherry Rondina,19333,Genesa Eslapor,19337,Floremel Rodriguez,18178,Miyu Sakamoto,18179,Mayu Sawame,19879,Yahli Ashush,17258,Anita Dave,Volleyball World Beach Pro Tour 2022 Season Summary,4015,2022
Knokke-Heist, Belgium,Aug 15-18,M,15406,Timothee Platre,18144,Jeremy Silvestre,17711,Alexey Gusev,17710,Pavel Shustrov,17355,Mathias Seiser,15826,Maximilian Trummer,19697,Tim Lemmens,19698,Anshel Ver Eecke,Volleyball World Beach Pro Tour 2019 Season Summary,3695,2019
Knokke-Heist, Belgium,Aug 15-18,W,8461,Andrea Galindo,8462,Gorda Galindo,17202,Sofia Bisgaard,12391,Cecilie Olsen,16919,Raisa Schoon,16918,Emi van Driel,19685,Maud Catry,11595,Els Vandesteene,Volleyball World Beach Pro Tour 2019 Season Summary,3696,2019
The Hague, Netherlands,Dec 27-30,W,19525,Brecht Piersma,16918,Emi van Driel,17810,Chenoa Christ,11760,Kim Van de Velde,12330,Monika Paulikiene,19561,Aine Raupelyte,18586,Wies Bekhuis,17260,Pleun Ypma,Volleyball World Beach Pro Tour 2022 Season Summary,4101,2022
Rubavu, Rwanda,Aug 21-24,M,17110,Masato Kurasaka,16034,Kensuke Shoji,19768,Nicolai Hovmann,15008,Jacob Stormly,16820,Joaquin Bello,16932,Luis Javier Bello,10957,Hitoshi Murakami,15909,Keisuke Shimizu,Volleyball World Beach Pro Tour 2019 Season Summary,3632,2019
Zhongwei, China,Aug 21-25,W,19002,Jingzhe Wang,17591,Shuhui Wen,16036,Miki Ishii,10212,Sayaka Mizoe,11655,Chunxia Chen,13682,Lingdi Zhu,18189,Yurika Sakaguchi,13075,Chiyo Suzuki,Volleyball World Beach Pro Tour 2019 Season Summary,3685,2019
The Hague, Netherlands,Dec 28-30,M,18859,Laurenc Grossig,20388,Timo Hammarberg,17320,Olivier Barthelemy,21853,Samuel Cattet,18143,Matthew Immers,10777,Erik Nijland,19768,Nicolai Hovmann,21908,Mads Mollgaard,Volleyball World Beach Pro Tour 2022 Season Summary,4100,2022
Doha, Qatar,Jan 26-29,M,14741,Anders Mol,13274,Christian Sorum,13340,Michal Bryl,10444,Bartosz Losiak,17983,Samuele Cottafava,9059,Paolo Nicolai,9129,Alexander Brouwer,9130,Robert Meeuwsen,Volleyball World Beach Pro Tour 2022 Season Summary,4132,2022
Rubavu, Rwanda,Aug 22-24,W,19373,Iris Reinders,17054,Mexime van Driel,12391,Cecilie Olsen,17623,Signe Zibrandtsen,9517,Jessica Grimson,8627,Victoria Palmer,12809,Judith Hakizimana,12810,Charlotte Nzayisenga,Volleyball World Beach Pro Tour 2019 Season Summary,3633,2019
Jurmala, Latvia,Aug 22-25,M,6770,Aleksandrs Samoilovs,6874,Janis Smedins,16548,Kusti Nolvak,16549,Mart Tiisaar,9342,Aliaksandr Dziadkou,17357,Pavel Piatrushka,10963,Armin Dollinger,14809,Eric Stadie,Volleyball World Beach Pro Tour 2019 Season Summary,3730,2019
Doha, Qatar,Jan 26-29,W,14478,Kelly Cheng,13154,Sara Hughes,13802,Duda Lisboa,15329,Ana Patricia Silva,16919,Raisa Schoon,16917,Katja Stam,8395,Mariafe Artacho,10795,Taliqua Clancy,Volleyball World Beach Pro Tour 2022 Season Summary,4133,2022
Salalah, Oman,Aug 24-27,M,13264,Morten Overgaard,8930,Daniel Thomsen,9621,Ahmed Alhousni,9620,Haitham Alshereiqi,19116,Piotr Ilewicz,9144,Piotr Janiak,18132,Nouh Al-Jalbubi,18133,Mazin Alhashmi,Volleyball World Beach Pro Tour 2019 Season Summary,3631,2019
Montpellier, France,Aug 27-31,M,10778,Dirk Boehle,18616,Stefan Boermans,17129,Quincy Aye,15475,Arnaud Gauthier-Rat,17148,Laurenz Leitner,13012,Florian Schnetzer,16875,Arwin Kopschar,13635,Michael Murauer,Volleyball World Beach Pro Tour 2019 Season Summary,3726,2019
Oslo, Norway,Aug 28-Sep 1,M,14741,Anders Mol,17185,Nils Ringoen,19196,Markus Mol,13274,Christian Sorum,14738,Mathias Berntsen,13275,Hendrik Mol,13940,Daniel Bergerud,11752,Lars Retterholt,Volleyball World Beach Pro Tour 2019 Season Summary,3729,2019
Rome, Italy,Sep 3-8,M,10745,Viacheslav Krasilnikov,14263,Oleg Stoyanovskiy,15563,Julius Thole,13767,Clemens Wickler,14741,Anders Mol,13274,Christian Sorum,13454,Taylor Crabb,190,Jake Gibb,Volleyball World Beach Pro Tour 2019 Season Summary,3640,2019
Rome, Italy,Sep 3-8,W,17317,Margareta Kozuch,6704,Laura Ludwig,6641,Agatha Bednarczuk,13802,Duda Lisboa,11610,Rebecca Cavalcanti,15329,Ana Patricia Silva,10716,Joana Mader,10813,Anouk Verge-Depre,Volleyball World Beach Pro Tour 2019 Season Summary,3641,2019
